Site Name,County,Site No,Locality,Cluster,Zone,East,North,Landform,Water,Viewshed
AD-0027,Adams,AD-0027,Central Wisc,Petenwell,16,262043,4888298,Terrace,River,Unknown
Buffalo Mound,Adams,AD-0030,Central Wisc,Petenwell,15,739905,4884902,Terrace,River,Lake
Crooked Lake,Adams,AD-0041,Central Wisc,Lakes Cluster,16,289769,4849085,Terrace,Lake,Lake
Dead Horse Slough,Adams,AD-0005,Central Wisc,Isolate,16,272694,4886302,Terrace,Creek,Valley
Douglas Effigy,Adams,AD-0056,Central Wisc,Site Pair,16,271254,4849563,Terrace,River,Confluence
Fourth Drive North,Adams,AD-0197,Baraboo Range,Site Pair,16,284973,4837352,Hillslopes,Upland,Headwaters
Fourth Drive South,Adams,AD-0196,Baraboo Range,Site Pair,16,284607,4836882,Plateau,Upland,Headwaters
Frank McConick,Adams,AD-0001,Central Wisc,Isolate,16,277860,4873247,Terrace,Creek,Valley
Jordan Lake,Adams,AD-0045,Central Wisc,Lakes Cluster,16,286951,4846843,Lakeshore,Lake,Lake
Monroe Center #3,Adams,AD-0025,Central Wisc,Petenwell,16,264643,4887768,Terrace,River,Unknown
Monroe Center #4,Adams,AD-0025,Central Wisc,Petenwell,16,264053,4887452,Terrace,River,Unknown
Oxbow Bend,Adams,AD-0053,Central Wisc,Nekoosa,16,270233,4907984,Terrace,Creek,Confluence
Parker Lake,Adams,AD-0039,Central Wisc,Lakes Cluster,16,287916,4850608,Terrace,Lake,Lake
Point Bluff Effigy,Adams,AD-0057,Central Wisc,Site Pair,16,270863,4850398,Terrace,River,Confluence
Spring Creek,Adams,AD-0023,Central Wisc,Petenwell,16,262727,4889055,Terrace,River,Unknown
Strong's Prairie Central,Adams,AD-0061,Central Wisc,Petenwell,16,260193,4882647,Terrace,River,Unknown
Strong's Prairie North,Adams,AD-0062,Central Wisc,Petenwell,16,260193,4883475,Terrace,River,Unknown
Strong's Prairie South,Adams,AD-0065,Central Wisc,Petenwell,16,259950,4881411,Terrace,River,Unknown
Swartout Slough,Adams,AD-0020,Central Wisc,Petenwell,16,260606,4883831,Terrace,River,Spring
Swartout Springs,Adams,AD-0032,Central Wisc,Petenwell,16,260352,4884587,Terrace,River,Spring
Van Curen Lake,Adams,AD-0029,Central Wisc,Petenwell,16,260344,4886093,Terrace,River,Lake
Ward,Adams,AD-0059,Central Wisc,Petenwell,16,260246,4883044,Terrace,River,Unknown
Wolf Lake,Adams,AD-0104,Central Wisc,Lakes Cluster,16,288709,4852275,Terrace,Lake,Lake
Alexander,Allamakee,AM-0093,Harper's Ferry,Lansing,15,647322,4800125,Bluff Edge,River,Floodplain
AM-0070,Allamakee,AM-0070,Harper's Ferry,Lansing,15,647985,4799660,Toeslope,River,Confluence
AM-0075,Allamakee,AM-0075,Harper's Ferry,Site Pair,15,654737,4792646,Toeslope,River,Floodplain
AM-0076,Allamakee,AM-0076,Harper's Ferry,Harpers Ferry,15,652104,4787374,Terrace,River,Confluence
AM-0113,Allamakee,AM-0113,Prairie du Chien,EFMO,15,647680,4771366,Ridge Spur,River,Confluence
Brazell Mounds,Allamakee,AM-0081,Harper's Ferry,Harpers Ferry,15,649137,4783217,Terrace,River,Confluence
Capoli Bluff 1,Allamakee,AM-0202,Harper's Ferry,Site Pair,15,651734,4797835,Toeslope,River,Springs
Capoli Bluff 2,Allamakee,AM-0204,Harper's Ferry,Site Pair,15,651984,4797591,Unknown,Creek,Confluence
Ferguson 1,Allamakee,AM-0107,Prairie du Chien,EFMO,15,646449,4771936,Terrace,River,Lake
Harpers Ferry Central,Allamakee,AM-0077,Harper's Ferry,Harpers Ferry,15,,,Terrace,River,Confluence
Harpers Ferry North,Allamakee,AM-0079,Harper's Ferry,Harpers Ferry,15,,,Terrace,River,Confluence
Harpers Ferry North Central,Allamakee,AM-0079,Harper's Ferry,Harpers Ferry,15,,,Terrace,River,Confluence
Harpers Ferry South,Allamakee,AM-0080/AM-0109,Harper's Ferry,Harpers Ferry,15,651140,4785930,Terrace,River,Confluence
Harpers Ferry West,Allamakee,AM-0079,Harper's Ferry,Harpers Ferry,15,,,Terrace,River,Confluence
Heitmans Dam,Allamakee,AM-0074,Harper's Ferry,Site Pair,15,654799,4794185,Toeslope,River,Floodplain
Hemmenway,Allamakee,AM-0130,Harper's Ferry,Isolate,15,644207,4803099,Ridge Spur,Creek,Divide
Keller,Allamakee,AM-0069,Harper's Ferry,Lansing,15,648713,4799439,Terrace,River,Confluence
Klitt Farm,Allamakee,No OSA #,Harper's Ferry,Harpers Ferry,15,649710,4783865,Terrace,River,Confluence
Laird Farm Terrace,Allamakee,AM-0082,Prairie du Chien,EFMO,15,647608,4772030,Terrace,River,Confluence
Oil Springs Creek,Allamakee,No OSA #,Harper's Ferry,Harpers Ferry,15,651863,4788498,Terrace,River,Confluence
Red House Landing,Allamakee,AM-0101,Prairie du Chien,EFMO,15,647938,4773528,Ridge Spur,River,Floodplain
Reinhart,Allamakee,AM-0186,Prairie du Chien,EFMO,15,645125,4773143,Ridge Spur,River,Floodplain
Simonson's Farm Mounds,Allamakee,AM-0132,Unaffiliated,Site Pair,15,615375,4804294,Terrace,River,Floodplain
Voll Farm,Allamakee,AM-0123,Unaffiliated,Site Pair,15,616732,4806523,Terrace,River,Floodplain
Waukon Junction Mounds,Allamakee,AM-0087,Harper's Ferry,Isolate,15,647605,4779525,Ridge Spur,River,Springs
Wexford Creek,Allamakee,No OSA #,Harper's Ferry,Isolate,15,653917,4790807,Terrace,River,Confluence
Weymiller,Allamakee,AM-0042,Unaffiliated,Isolate,15,634949,4811130,Terrace,River,Floodplain
Wild Cat / Fire Pt,Allamakee,AM-0189,Prairie du Chien,EFMO,15,647975,4772818,Ridge,River,Floodplain
Deer Creek,Buffalo,BF-0054,Upper Miss,Isolate,15,581909,4916066,Terrace,River,Confluence
Fountain City I,Buffalo,BF-0222,Trempealeau,Site Pair,15,603514,4886154,Terrace,River,Confluence
Fountain City II,Buffalo,BF-0221,Trempealeau,Site Pair,15,603096,4886369,Terrace,River,Floodplain
Hunger Bear,Buffalo,BF-0116,Trempealeau,Isolate,15,610778,4890324,Terrace,River,Confluence
Bartz,Calumet,CT-0017,Niagara,Site Pair,16,416311,4880692,Terrace,River,Confluence
Bear,Calumet,CT-0121,Niagara,Lake Winnebago,16,396140,4882793,Hill Slope,Creek,Valley
Calumet Co. Park,Calumet,CT-0023,Niagara,Lake Winnebago,16,394342,4884506,Bluff Edge,Lake,Lake
CT-0049,Calumet,CT-0049,Niagara,Lake Winnebago,16,394320,4871581,Toeslope,Lake,Lake
High Cliff,Calumet,CT-0001,Niagara,Lake Winnebago,16,396598,4890062,Bluff Edge,Lake,Spring
Quinney Panther,Calumet,CT-0060,Niagara,Lake Winnebago,16,395282,4874044,Toeslope,Lake,Spring
Ridge,Calumet,CT-0007,Niagara,Lake Winnebago,16,395665,4872209,Bluff Edge,Lake,Spring
School House,Calumet,CT-0004,Niagara,Lake Winnebago,16,395910,4878480,Toeslope,Lake,Floodplain
Spar Creek,Calumet,CT-0022,Niagara,Lake Winnebago,16,395569,4874330,Bluff Edge,Lake,Spring
Stockbridge,Calumet,CT-0025,Niagara,Lake Winnebago,16,394285,4882364,Bluff Edge,Lake,Lake
Zahn,Calumet,CT-0018,Niagara,Site Pair,16,415968,4880742,Terrace,River,Confluence
Tako's Site/Lake Walk,Chippewa,CH-0100,Isolate,Outlier,15,633742,4980729,Bluff Edge,River,Confluence
Cahoon 1,Clayton,CT-0021,Prairie du Chien,EFMO,15,648263,4767903,Bluff Edge,River,Floodplain
CT-0006,Clayton,CT-0006,Turkey River,Middle Turkey,15,640772,4736342,Terrace,River,Valley
CT-0007,Clayton,CT-0007,Turkey River,Middle Turkey,15,643883,4734963,Ridge,River,Divide
CT-0008,Clayton,CT-0008,Turkey River,Middle Turkey,15,645569,4735579,Ridge Spur,River,Valley
CT-0009,Clayton,CT-0009,Turkey River,Turkey River,15,658147,4731028,Ridge Spur,River,Confluence
CT-0014,Clayton,CT-0014,Turkey River,Turkey River,15,662357,4728046,Toeslope,Creek,Headwaters
CT-0015,Clayton,CT-0015,Turkey River,Turkey River,15,658381,4728673,Ridge Spur,River,Confluence
CT-0016,Clayton,CT-0016,Turkey River,Turkey River,15,658289,4729023,Ridge Spur,River,Confluence
CT-0017,Clayton,CT-0017,Turkey River,Turkey River,15,658662,4729838,Ridge Spur,River,Confluence
Harveys Island I,Clayton,CT-0045,Turkey River,Isolate,15,655313,4742446,Island,River,Confluence
Jennings-Liebhart Mound,Clayton,CT-0026,Prairie du Chien,EFMO,15,647728,4769831,Ridge,River,Floodplain
Laurence Adams 1,Clayton,CT-0068,Turkey River,Turkey River,15,662968,4727011,Hilltop,River,Headwaters
Marquette-Yellow 9,Clayton,CT-0055,Prairie du Chien,Pikes Peak,15,648010,4770996,Ridge Spur,River,Floodplain
Matt Adams,Clayton,CT-0012,Turkey River,Turkey River,15,662447,4728935,Ridge Spur,Creek,Valley
McGregor Pikes Peak 5,Clayton,CT-0063,Prairie du Chien,Pikes Peak,15,649082,4763058,Ridge Spur,River,Confluence
McGregor-Pikes Peak 1,Clayton,CT-0059,Prairie du Chien,Pikes Peak,15,648951,4764488,Bluff Edge,River,Confluence
McGregor-Pikes Peak 4,Clayton,CT-0062,Prairie du Chien,Pikes Peak,15,649046,4763406,Ridge Spur,River,Confluence
McGregor-Pikes Peak 7,Clayton,CT-0065,Prairie du Chien,Pikes Peak,15,649734,4761752,Bluff Edge,River,Spring
Mississippi River Mounds,Clayton,CT-0235,Turkey River,Turkey River,15,664725,4728121,Bluff Edge,River,Floodplain
Pete Adams 1,Clayton,CT-0005,Turkey River,Turkey River,15,663848,4728472,Ridge Spur,River,Confluence
Pete Adams 2,Clayton,CT-0001,Turkey River,Turkey River,15,663189,4728878,Ridge Spur,River,Confluence
Pete Adams 3,Clayton,CT-0002,Turkey River,Turkey River,15,662732,4729189,Ridge Spur,River,Confluence
Pete Adams 4,Clayton,CT-0003,Turkey River,Turkey River,15,662202,4729329,Ridge,River,Confluence
Pritchard I,Clayton,CT-0179,Turkey River,Middle Turkey,15,645494,4732920,Toeslope,River,Floodplain
Sny Magill,Clayton,CT-0018,Prairie du Chien,Isolate,15,649461,4755688,Terrace,River,Confluence
Turkey River,Clayton,CT-0003,Turkey River,Turkey River,15,659936,4731209,Ridge Spur,River,Confluence
Turkey River Valley,Clayton,CT-0004,Turkey River,Turkey River,15,661495,4729444,Ridge Spur,River,Confluence
Wachendorf,Clayton,CT-0013,Turkey River,Turkey River,15,663208,4727807,Hilltop,River,Headwaters
Anacker,Columbia,CO-0021,Unaffiliated,Isolate,16,302927,4832693,Terrace,River,Marsh
Bennett,Columbia,CO-0059,Baraboo Range,Lower Dells,16,281173,4831013,Terrace,Creek,Valley
Black Hawk Ridge,Columbia,CO-0329,Baraboo Range,Merrimac,16,281260,4799686,Terrace,River,Floodplain
CO-0038,Columbia,CO-0038,Baraboo Range,Merrimac,16,290604,4803261,Terrace,River,Valley
CO-0041,Columbia,CO-0041,Baraboo Range,Merrimac,16,290946,4801169,Toeslope,Lake,Lake
CO-0062,Columbia,CO-0062,Baraboo Range,Lower Dells,16,280810,4830425,Terrace,River,Confluence
CO-0064,Columbia,CO-0064,Unaffiliated,Isolate,16,307227,4823725,Terrace,Lake,Marsh
CO-0078,Columbia,CO-0078,Baraboo Range,Merrimac,16,290202,4803905,Terrace,River,Valley
Crossing,Columbia,CO-0061,Baraboo Range,Lower Dells,16,280728,4830817,Terrace,River,Confluence
Crystal Lake,Columbia,CO-0082,Baraboo Range,Merrimac,16,287085,4796781,Hill Slopes,Lake,Lake
Dead Bird,Columbia,CO-0256,Unaffiliated,Isolate,16,315409,4819648,Terrace,River,Valley
Gale,Columbia,CO-0060,Baraboo Range,Lower Dells,16,281036,4830788,Terrace,Creek,Valley
Kilbourn City,Columbia,CO-0053,Baraboo Range,Isolate,16,276152,4834098,Terrace,River,Valley
Kittleson Pond,Columbia,CO-0055,Baraboo Range,Isolate,16,282691,4834838,Terrace,Lake,Lake
Lake Wisconsin,Columbia,CO-0237,Baraboo Range,Merrimac,16,289569,4806569,Terrace,River,Floodplain
Murray II,Columbia,CO-0179,Unaffiliated,Isolate,16,303948,4818118,Terrace,River,Floodplain
One Mound,Columbia,CO-0233,Baraboo Range,Merrimac,16,288489,4796683,Terrace,Lake,Lake
Verbeck Conical,Columbia,CO-0085,Baraboo Range,Merrimac,16,284502,4798274,Toeslope,Lake,Lake
Armstrong,Crawford,CR-0042,Harper's Ferry,Dividing Ridge,15,657754,4789620,Terrace,River,Confluence
Bear Creek,Crawford,CR-0384,Kickapoo,Kickapoo Forks,15,677476,4802190,Terrace,River,Confluence
Beckett #5,Crawford,CR-0196,Harper's Ferry,Pickatee Coulee,15,651973,4779903,Ridge,Upland,Valley
Blackhawk Mounds,Crawford,CR-0671,Kickapoo,Middle Kickapoo,15,673028,4790864,Unknown,River,Valley
Bridgeport,Crawford,CR-0380,Prairie du Chien,Prairie du Chien,15,658185,4763191,Unknown,River,Floodplain
Bryan,Crawford,CR-0048,Eagle Township,Isolate,15,683540,4778439,Terrace,River,Confluence
Calvary Cemetery,Crawford,CR-0053,Prairie du Chien,Campbell Coulee,15,650847,4770297,Terrace,River,Floodplain
Camel Mound,Crawford,CR-0658,Prairie du Chien,Campbell Coulee,15,651742,4770734,Terrace,River,Confluence
Campbell Coulee I,Crawford,CR-0059,Prairie du Chien,Campbell Coulee,15,652538,4770666,Toeslope,Creek,Valley
Campbell Coulee II,Crawford,CR-0155,Prairie du Chien,Campbell Coulee,15,653141,4770703,Terrace,Creek,Valley
Caya,Crawford,CR-0396,Harper's Ferry,Dividing Ridge,15,654765,4785671,Ridge Spur,River,Confluence
Christianson I,Crawford,CR-0076,Unaffiliated,Wauzeka,15,676429,4773596,Terrace,River,Floodplain
Cipra,Crawford,CR-0072,Prairie du Chien,Isolate,15,663871,4766791,Terrace,River,Floodplain
Citron Valley,Crawford,CR-0388,Kickapoo,Citron Valley,15,673401,4785357,Terrace,Creek,Valley
Copper Creek II,Crawford,CR-0244,Unaffiliated,Isolate,15,657706,4797467,Terrace,River,Confluence
CR-0021,Crawford,CR-0021,Harper's Ferry,Dividing Ridge,15,659653,4781201,Ridge,Upland,Divide
CR-0026,Crawford,CR-0026,Harper's Ferry,Pickatee Coulee,15,652255,4779245,Ridge Spur,Upland,Divide
CR-0027,Crawford,CR-0027,Harper's Ferry,Dividing Ridge,15,661380,4779683,Ridge,Upland,Headwaters
CR-0028,Crawford,CR-0028,Harper's Ferry,Pickatee Coulee,15,654866,4779666,Ridge,Upland,Divide
CR-0030,Crawford,CR-0030,Harper's Ferry,Dividing Ridge,15,660347,4780006,Ridge,Upland,Divide
CR-0150,Crawford,CR-0150,Harper's Ferry,Pickatee Coulee,15,655394,4779556,Ridge,Upland,Divide
CR-0161,Crawford,CR-0161,Prairie du Chien,Prairie du Chien,15,654206,4763215,Unknown,River,Floodplain
CR-0379,Crawford,CR-0379,Prairie du Chien,Prairie du Chien,15,655745,4762863,Ridge Spur,River,Floodplain
CR-0382,Crawford,CR-0382,Prairie du Chien,Prairie du Chien,15,657333,4762540,Unknown,River,Floodplain
CR-0383,Crawford,CR-0383,Kickapoo,Kickapoo Forks,15,677498,4803784,Terrace,River,Floodplain
CR-0386,Crawford,CR-0386,Kickapoo,Upper Kickapoo,15,680797,4808283,Terrace,River,Confluence
CR-0389,Crawford,CR-0389,Kickapoo,Citron Valley,15,671293,4782875,Terrace,Creek,Valley
CR-0391,Crawford,CR-0391,Harper's Ferry,Dividing Ridge,15,659714,4777076,Ridge,Upland,Divide
CR-0394,Crawford,CR-0394,Harper's Ferry,Dividing Ridge,15,659563,4789518,Ridge Spur,River,Valley
CR-0395,Crawford,CR-0395,Harper's Ferry,Dividing Ridge,15,659000,4786112,Ridge Spur,Creek,Valley
CR-0397,Crawford,CR-0397,Kickapoo,Kickapoo Forks,15,675860,4802652,Terrace,River,Valley
CR-0398,Crawford,CR-0398,Kickapoo,Kickapoo Forks,15,676207,4802668,Terrace,River,Valley
Dahmen I,Crawford,CR-0014,Prairie du Chien,Prairie du Chien,15,654225,4763230,Ridge Spur,River,Floodplain
Dividing Ridge/Hazen Corners,Crawford,CR-0031/0036,Harper's Ferry,Dividing Ridge,15,659487,4776532,Ridge,Upland,Divide
Dremsa,Crawford,CR-0179,Eagle Township,Site Pair,15,686243,4782131,Terrace,River,Confluence
Fairground,Crawford,CR-0661,Kickapoo,Middle Kickapoo,15,674916,4797186,Terrace,River,Valley
Famechon Ridge,Crawford,CR-0034,Harper's Ferry,Dividing Ridge,15,658298,4775763,Ridge,Upland,Divide
Fischer I,Crawford,CR-0012,Harper's Ferry,Seneca,15,658982,4793422,Ridge,River,Confluence
Foley I,Crawford,CR-0043,Harper's Ferry,Dividing Ridge,15,658037,4786822,Ridge Spur,Upland,Headwaters
Foot of the Hill,Crawford,CR-0673,Kickapoo,Upper Kickapoo,15,678961,4806545,Terrace,River,Floodplain
Gays Mills,Crawford,CR-0017,Kickapoo,Middle Kickapoo,15,674252,4797967,Terrace,River,Valley
Gravel Pit I,Crawford,CR-0378,Prairie du Chien,Prairie du Chien,15,654088,4763432,Ridge Spur,River,Floodplain
Gravel Pit II,Crawford,CR-0680,Prairie du Chien,Prairie du Chien,15,653364,4763512,Terrace,River,Floodplain
Hogback I,Crawford,CR-0668,Kickapoo,Citron Valley,15,673325,4784962,Terrace,Creek,Valley
Hogback II,Crawford,CR-0669,Kickapoo,Citron Valley,15,673351,4784239,Terrace,Creek,Valley
Hogback III,Crawford,CR-0670,Kickapoo,Citron Valley,15,673347,4783812,Terrace,River,Valley
Kickapoo River Road,Crawford,CR-0677,Kickapoo,Middle Kickapoo,15,675157,4795511,Terrace,River,Valley
Knoble,Crawford,CR-0399,Kickapoo,Kickapoo Forks,15,675300,4801611,Terrace,River,Floodplain
Knower,Crawford,CR-0544,Bad Axe,Rush Creek,15,654111,4806365,Terrace,River,Confluence
Lennon Ridge,Crawford,CR-0663,Unaffiliated,Isolate,15,670487,4807213,Ridge,Upland,Valley
Limery Coulee II,Crawford,CR-0078,Prairie du Chien,Campbell Coulee,15,651544,4771765,Terrace,River,Confluence
Metz,Crawford,CR-0162,Unaffiliated,Isolate,15,658231,4800775,Ridge,River,Confluence
Petersburg,Crawford,CR-0676,Kickapoo,Middle Kickapoo,15,675411,4793352,Unknown,River,Valley
Pickatee Coulee I,Crawford,CR-0035,Harper's Ferry,Pickatee Coulee,15,651055,4777965,Terrace,River,Confluence
Pomerening I,Crawford,CR-0067,Unaffiliated,Wauzeka,15,675904,4773410,Terrace,River,Floodplain
Prairie du Chien,Crawford,CR-0401,Prairie du Chien,Prairie du Chien,15,653136,4767153,Ridge Spur,River,Floodplain
PSA,Crawford,CR-0672,Kickapoo,Upper Kickapoo,15,677973,4805999,Terrace,River,Floodplain
Richland Creek,Crawford,CR-0393,Eagle Township,Site Pair,15,686159,4781964,Terrace,River,Confluence
Roosa,Crawford,CR-0439,Unaffiliated,Isolate,15,660092,4804287,Toeslope,River,Confluence
Roy Peterson,Crawford,CR-0199,Harper's Ferry,Dividing Ridge,15,656300,4787393,Terrace,River,Confluence
Rush Creek Effigy,Crawford,CR-0431,Bad Axe,Rush Creek,15,649905,4804199,Ridge Spur,River,Valley
Rush Creek I,Crawford,CR-0377,Bad Axe,Rush Creek,15,650170,4803788,Terrace,River,Confluence
Rush Creek II,Crawford,CR-0392,Bad Axe,Rush Creek,15,650954,4804724,Terrace,River,Floodplain
Sand Creek,Crawford,CR-0675,Kickapoo,Middle Kickapoo,15,675171,4794365,Unknown,River,Valley
Sand Hill Road Spring,Crawford,CR-0674,Kickapoo,Middle Kickapoo,15,675144,4795110,Unknown,River,Spring
Selch I,Crawford,CR-0061,Prairie du Chien,Prairie du Chien,15,654103,4764914,Terrace,River,Floodplain
Sherry I,Crawford,CR-0071,Kickapoo,Upper Kickapoo,15,678647,4806300,Ridge,River,Floodplain
Slough,Crawford,CR-0381,Prairie du Chien,Prairie du Chien,15,660083,4763496,Terrace,River,Floodplain
Smith Hollow,Crawford,CR-0385,Kickapoo,Kickapoo Forks,15,677404,4803182,Terrace,River,Confluence
Smith II,Crawford,CR-0402,Harper's Ferry,Seneca,15,659235,4792698,Terrace,Creek,Valley
Soaring Buzzard,Crawford,CR-0628,Harper's Ferry,Pickatee Coulee,15,651728,4780620,Ridge Spur,River,Confluence
Soldier's Grove,Crawford,CR-0387,Kickapoo,Upper Kickapoo,15,680934,4807552,Terrace,River,Floodplain
Straight Line,Crawford,CR-0662,Kickapoo,Kickapoo Forks,15,675046,4802032,Terrace,River,Valley
Straka,Crawford,CR-0073,Unaffiliated,Isolate,15,671974,4776591,Ridge Spur,River,Valley
Sully,Crawford,CR-0629,Harper's Ferry,Seneca,15,658948,4793073,Terrace,Creek,Valley
Swatek Ridge,Crawford,CR-0019,Harper's Ferry,Dividing Ridge,15,661169,4784546,Ridge,Upland,Spring
Varo,Crawford,CR-0139,Harper's Ferry,Dividing Ridge,15,654026,4784857,Ridge Spur,River,Floodplain
Vilas/Flucke,Crawford,CR-0008,Prairie du Chien,Prairie du Chien,15,652015,4763895,Terrace,River,Floodplain
Wall Ridge,Crawford,CR-0390,Harper's Ferry,Dividing Ridge,15,657237,4783465,Ridge,Upland,Divide
Wallin I,Crawford,CR-0133,Harper's Ferry,Dividing Ridge,15,657869,4789265,Ridge Spur,River,Confluence
Wall-Smethurst,Crawford,CR-0140,Harper's Ferry,Dividing Ridge,15,653733,4784510,Ridge Spur,River,Floodplain
Wauzeka Ridge I,Crawford,CR-0664,Unaffiliated,Wauzeka,15,673690,4779185,Unknown,River,Floodplain
Wauzeka Ridge II,Crawford,CR-0665,Unaffiliated,Wauzeka,15,673263,4773213,Unknown,River,Floodplain
Wauzeka Terrace East,Crawford,CR-0666,Unaffiliated,Wauzeka,15,673441,4772613,Terrace,River,Floodplain
Wauzeka Terrace West,Crawford,CR-0667,Unaffiliated,Wauzeka,15,671140,4771813,Terrace,River,Floodplain
X-131,Crawford,CR-0486,Kickapoo,Kickapoo Forks,15,677531,4802566,Terrace,River,Confluence
Zinkle I,Crawford,CR-0148,Harper's Ferry,Pickatee Coulee,15,653089,4777769,Terrace,Creek,Confluence
Adams Street Bear,Dane,DA-1189,Four Lakes,Four Lakes,16,303319,4770509,Ridge Spur,Lake,Lake
Arboretum Woods,Dane,DA-0152,Four Lakes,Four Lakes,16,302403,4768601,Terrace,Lake,Spring
Ballweg,Dane,DA-0929,Baraboo Range,Sauk Prairie,16,281471,4794572,Hill Slope,River,Floodplain
Barber,Dane,DA-0106,Four Lakes,Colladay Point,16,313757,4758646,Ridge Spur,Lake,Lake
Baskerville Park,Dane,DA-0116,Four Lakes,Four Lakes,16,298369,4775463,Terrace,Lake,Lake
Bird,Dane,DA-0480,Four Lakes,Four Lakes,16,312052,4763314,Terrace,River,Lake
Black Earth,Dane,DA-0009,Unaffiliated,Isolate,16,276412,4779373,Terrace,Creek,Valley
Blackhawk Country Club,Dane,DA-0131,Four Lakes,Four Lakes,16,299614,4772371,Hill Slope,Lake,Lake
Blue Mounds,Dane,DA-0903,Four Lakes,Isolate,16,269785,4766122,Toe Slope,Creek,Spring
Bridge Road,Dane,DA-1194,Four Lakes,Four Lakes,16,310148,4769013,Terrace,Lake,Confluence
Bryant,Dane,DA-0040,Four Lakes,Four Lakes,16,308276,4766388,Hill Slope,River,Valley
Burrow's Park Bird,Dane,DA-0139,Four Lakes,Four Lakes,16,307283,4774673,Terrace,Lake,Lake
C. M. Colladay #1,Dane,DA-0105,Four Lakes,Colladay Point,16,313782,4759402,Terrace,Lake,Lake
Camp Leonard,Dane,DA-0076?,Four Lakes,Four Lakes,16,311743,4763724,Terrace,Lake,Confluence
Capitol Park,Dane,DA-0177,Four Lakes,Four Lakes,16,305967,4771800,Hill Slope,Lake,Lake
Colladay Point,Dane,DA-0568,Four Lakes,Colladay Point,16,314374,4759015,Drumlin,Lake,Lake
Crystal Lake NE,Dane,DA-0902,Baraboo Range,Merrimac,16,288855,4796244,Hill top,Lake,Lake
DA-0026,Dane,DA-0026,Four Lakes,Four Lakes,16,310573,4769093,Terrace,River,Confluence
DA-0054,Dane,DA-0054,Four Lakes,Four Lakes,16,307841,4774757,Terrace,Lake,Lake
DA-0058,Dane,DA-0058,Four Lakes,Four Lakes,16,311697,4777341,Unknown,Upland,Valley
DA-0111,Dane,DA-0111,Four Lakes,Four Lakes,16,307110,4766641,Hill Slope,River,Valley
DA-0138,Dane,DA-0138,Four Lakes,Four Lakes,16,303096,4770286,Terrace,Lake,Lake
DA-0143,Dane,DA-0143,Four Lakes,Four Lakes,16,305241,4769489,Ridge Spur,Lake,Lake
DA-0205,Dane,DA-0205,Unaffiliated,Site Pair,16,330463,4786220,Hill Slope,River,Confluence
DA-0233,Dane,DA-0233,Four Lakes,Pine Bluff,16,283744,4768817,Toe Slope,Creek,Headwaters
DA-0235,Dane,DA-0235,Four Lakes,Pine Bluff,16,281284,4767205,Ridge Crest,River,Headwaters
DA-0246,Dane,DA-0246,Four Lakes,Isolate,16,293921,4772829,Unknown,Creek,Headwaters
DA-0559,Dane,DA-0559,Four Lakes,Four Lakes,16,312821,4774684,Hill Slope,Upland,Headwaters
DA-0564,Dane,DA-0564,Four Lakes,Four Lakes,16,307911,4776174,Hill Slope,Upland,Valley
DA-0580,Dane,DA-0580,Four Lakes,Four Lakes,16,305860,4778330,Terrace,Upland,Valley
DA-0843,Dane,DA-0843,Four Lakes,Four Lakes,16,310302,4765634,Hill Slope,Lake,Lake
Dale (or Evan-Nelson),Dane,DA-0079,Four Lakes,Four Lakes,16,312801,4765017,Hill Slope,Lake,Lake
Deansville,Dane,DA-0306,Unaffiliated,Site Pair,16,329686,4782350,Hill Slope,River,Valley
Dividing Ridge,Dane,DA-0145,Four Lakes,Four Lakes,16,304537,4769647,Ridge Top,Lake,Divide
East Bank,Dane,DA-0230,Baraboo Range,Sauk Prairie,16,279823,4794167,Terrace,River,Floodplain
Edgewood,Dane,DA-0147,Four Lakes,Four Lakes,16,302741,4769752,Terrace,Lake,Spring
Edward's Park,Dane,DA-0044,Four Lakes,Four Lakes,16,312178,4765796,Terrace,Lake,Lake
Eighmy,Dane,DA-0145,Four Lakes,Four Lakes,16,313367,4765648,Hill Slope,Lake,Lake
Elmside Park,Dane,DA-0560,Four Lakes,Four Lakes,16,309575,4773350,Terrace,Lake,Confluence
Evans,Dane,DA-0101,Four Lakes,Four Lakes,16,311602,4761262,Terrace Spur,Marsh,Confluence
Fairhaven,Dane,DA-0025,Four Lakes,Four Lakes,16,309784,4769655,Terrace,Lake,Confluence
Farwell's Point,Dane,DA-0255,Four Lakes,Four Lakes,16,304317,4778014,Bluff Edge,Lake,Lake
Fitzgibbon,Dane,DA-0248,Four Lakes,Four Lakes,16,300437,4780134,Hill Slope,River,Valley
Forest Hill Cemetery,Dane,DA-0134,Four Lakes,Four Lakes,16,302064,4770204,Ridge Spur,Lake,Lake
Fox's Bluff,Dane,DA-0114,Four Lakes,Four Lakes,16,300368,4775795,Bluff Edge,Lake,Lake
Frost Woods,Dane,DA-0001,Four Lakes,Four Lakes,16,309845,4769209,Hill Slope,Lake,Confluence
Fuller Woods,Dane,DA-0118,Four Lakes,Four Lakes,16,307238,4774322,Terrace,Lake,Lake
Gallistel Woods,Dane,DA-0152,Four Lakes,Four Lakes,16,302627,4768446,Terrace,Marsh,Spring
Gilman,Dane,DA-0042,Four Lakes,Four Lakes,16,308447,4765962,Hill Slope,River,Valley
Glenway,Dane,DA-1191,Four Lakes,Four Lakes,16,301575,4770020,Ridge Spur,Lake,Lake
Greenbush,Dane,DA-0151,Four Lakes,Four Lakes,16,304110,4769916,Terrace,Lake,Lake
Halverson/Phlaum-McWilliams,Dane,DA-0033/32,Four Lakes,Four Lakes,16,311584,4769019,Hill Slope,Lake,Confluence
Hanson,Dane,DA-0067,Four Lakes,Four Lakes,16,318814,4766404,Terrace,Creek,Confluence
Heim,Dane,DA-0577,Four Lakes,Four Lakes,16,297413,4774066,Terrace,Lake,Lake
Hornung,Dane,DA-0722,Baraboo Range,Sauk Prairie,16,281311,4792221,Terrace,Creek,Valley
Inama,Dane,DA-0338,Baraboo Range,Sauk Prairie,16,280693,4792551,Terrace,Creek,Valley
Jaggi,Dane,DA-0358,Four Lakes,Isolate,16,292093,4758677,Terrace,River,Floodplain
Jefferson Street Bear,Dane,DA-1190,Four Lakes,Four Lakes,16,303045,4770122,Hill Slope,Lake,Lake
Kennedy Pond,Dane,DA-0265,Four Lakes,Four Lakes,16,300271,4776767,Terrace,Lake,Lake
Koshkonong,Dane,DA-0029,Koshkonong,West Koshkonong,16,335080,4746024,Terrace,Lake,Lake
Lake Edge Park,Dane,DA-0275,Four Lakes,Four Lakes,16,310734,4772678,Terrace,Lake,Lake
Lake Forest #2,Dane,DA-0575,Four Lakes,Four Lakes,16,303075,4768636,Hill Slope,Marsh,Spring
Lake Monona,Dane,DA-0562,Four Lakes,Four Lakes,16,308704,4769996,Hill Slope,Lake,Confluence
Larson's Park,Dane,DA-0048,Four Lakes,Four Lakes,16,312279,4765192,Terrace,Lake,Lake
Laufenburg,Dane,DA-0884,Four Lakes,Pine Bluff,16,280884,4768599,Hill Slope,Creek,Headwaters
Lee,Dane,DA-0215,Four Lakes,Four Lakes,16,317713,4764195,Terrace,River,Valley
Lewis,Dane,DA-0074,Four Lakes,Four Lakes,16,312640,4764297,Hill Slope,River,Valley
Lewis Effigy,Dane,DA-0149,Four Lakes,Four Lakes,16,303270,4770242,Terrace,Lake,Lake
Locke,Dane,DA-0938,Four Lakes,Pine Bluff,16,285696,4769842,Toe Slope,Creek,Headwaters
Lohff/DA-0234,Dane,DA-0234/344,Four Lakes,Pine Bluff,16,279254,4766564,Ridge Crest,River,Headwaters
Maple Bluff,Dane,DA-0570,Four Lakes,Four Lakes,16,306464,4776201,Bluff Edge,Lake,Lake
McConnell,Dane,DA-0081,Four Lakes,Four Lakes,16,309826,4764862,Hill Slope,Lake,Lake
Melburg,Dane,DA-0558,Four Lakes,Isolate,16,329031,4753345,Hill Slope,Creek,Valley
Mendota Hills Bird,Dane,DA-0409,Four Lakes,Four Lakes,16,306353,4777967,Terrace,Lake,Lake
Mendota School,Dane,DA-0581,Four Lakes,Four Lakes,16,306051,4778616,Hill Slope,Upland,Valley
Mendota State Hospital,Dane,DA-0160,Four Lakes,Four Lakes,16,304866,4777745,Terrace,Lake,Lake
Merrill Springs II,Dane,DA-0699,Four Lakes,Four Lakes,16,299181,4772438,Hill Slope,Lake,Spring
Military Road Bear,Dane,DA-1197,Four Lakes,Pine Bluff,16,284895,4769255,Toe Slope,Creek,Headwaters
Mill Woods,Dane,DA-0010,Four Lakes,Four Lakes,16,308990,4773289,Terrace,Lake,Lake
Monona Avenue Park,Dane,DA-0136,Four Lakes,Four Lakes,16,306093,4771395,Hill Slope,Lake,Lake
Monona Drive,Dane,DA-0561,Four Lakes,Four Lakes,16,310661,4771711,Terrace,Lake,Lake
Monroe Street,Dane,DA-0137,Four Lakes,Four Lakes,16,302893,4770406,Ridge,Lake,Lake
Moore,Dane,DA-0071,Four Lakes,Four Lakes,16,315943,4764440,Hill Slope,River,Valley
Morris Park 1,Dane,DA-0267,Four Lakes,Four Lakes,16,301495,4777133,Terrace,Lake,Spring
Morris Park 2,Dane,DA-0268,Four Lakes,Four Lakes,16,301685,4777530,Terrace,Lake,Lake
Mt. Pleasant,Dane,DA-0216,Four Lakes,Four Lakes,16,318727,4763403,Hill Slope,Creek,Headwaters
Murphy Creek,Dane,DA-0574,Four Lakes,Four Lakes,16,305142,4769086,Ridge Top,River,Valley
Nine Mounds,Dane,DA-0693,Four Lakes,Isolate,16,290775,4764158,Ridge Spur,Creek,Headwaters
Noe Springs,Dane,DA-0004,Koshkonong,West Koshkonong,16,334728,4747100,Terrace,Lake,Spring
Nondahl,Dane,DA-0046,Four Lakes,Four Lakes,16,313059,4766530,Hill Slope,Lake,Lake
North,Dane,DA-0028,Koshkonong,West Koshkonong,16,334894,4747505,Terrace,Lake,Lake
Observatory Hill,Dane,DA-0571,Four Lakes,Four Lakes,16,303873,4771884,Hill Slope,Lake,Lake
Pheasant Branch Grove,Dane,DA-0242,Four Lakes,Isolate,16,298048,4777514,Hill Slope,Upland,Valley
Picnic Point Bay,Dane,DA-0125,Four Lakes,Four Lakes,16,302454,4771990,Terrace,Marsh,Confluence
Piper/Backus,Dane,DA-0158,Four Lakes,Four Lakes,16,299540,4769252,Hill Slope,Lake,Lake
Pleasant Springs,Dane,DA-0680,Unaffiliated,Isolate,16,324940,4788339,Hill Slope,River,Confluence
Roth,Dane,DA-0723,Four Lakes,Four Lakes,16,318555,4766693,Terrace,Creek,Valley
Sauterhoff/Veith,Dane,DA-0259/260,Four Lakes,Four Lakes,16,304471,4778871,Hill Slope,Lake,Confluence
South Lake Waubesa,Dane,DA-0085,Four Lakes,Four Lakes,16,310414,4762771,Bluff Edge,Lake,Spring
Spring Harbor,Dane,DA-0432,Four Lakes,Four Lakes,16,298730,4772635,Hill Slope,Lake,Spring
Stone Quarry,Dane,DA-0133,Four Lakes,Four Lakes,16,299640,4770931,Hill Slope,Upland,Headwaters
Sugar Bush,Dane,DA-0060/564,Four Lakes,Four Lakes,16,308114,4776341,Hill Slope,Upland,Valley
Sure Johnson,Dane,DA-0073,Four Lakes,Four Lakes,16,313584,4763612,Terrace,Lake,Confluence
Third Lake,Dane,DA-1195,Four Lakes,Four Lakes,16,309332,4769833,Terrace,Lake,Confluence
University Ridge,Dane,DA-0126,Four Lakes,Four Lakes,16,301345,4772508,Ridge,Lake,Lake
Uphoff Ridge,Dane,DA-0398,Four Lakes,Four Lakes,16,308347,4765114,Hill Slope,Creek,Valley
Vilas Circle Drive,Dane,DA-0185,Four Lakes,Four Lakes,16,303655,4770396,Terrace,Lake,Lake
Vilas Park,Dane,DA-0148,Four Lakes,Four Lakes,16,303889,4770037,Ridge Spur,Lake,Lake
W. E. Colladay,Dane,DA-0567,Four Lakes,Colladay Point,16,313974,4759883,Terrace,Lake,Lake
Wa-che-et-cha,Dane,DA-0075,Four Lakes,Four Lakes,16,312016,4764490,Hill Slope,River,Confluence
Ward,Dane,DA-0035,Four Lakes,Four Lakes,16,314105,4766995,Ridge Top,Upland,Headwaters
Warner Beach,Dane,DA-0390,Four Lakes,Four Lakes,16,307121,4777236,Terrace,Marsh,Lake
West Point,Dane,DA-0115,Four Lakes,Four Lakes,16,299272,4775586,Terrace,Lake,Lake
Williams South #1,Dane,DA-0220,Four Lakes,Kegonsa,16,317407,4760165,Terrace,Lake,Lake
Williams South #2,Dane,DA-0221,Four Lakes,Kegonsa,16,317914,4759988,Hill Slope,Lake,Lake
William's Woods,Dane,DA-1196,Four Lakes,Kegonsa,16,317982,4760218,Hill Slope,Lake,Marsh
Williamson 1,Dane,DA-0043,Four Lakes,Four Lakes,16,310304,4765990,Terrace,Lake,Lake
Willow Drive,Dane,DA-0119,Four Lakes,Four Lakes,16,302990,4772062,Terrace,Lake,Confluence
Wingra,Dane,DA-0154,Four Lakes,Four Lakes,16,301664,4769561,Hill Slope,Lake,Spring
Wingra Park,Dane,DA-1192,Four Lakes,Four Lakes,16,302234,4769617,Terrace,Lake,Lake
Winnequah Road,Dane,DA-0023,Four Lakes,Four Lakes,16,310280,4771174,Terrace,Lake,Lake
Woodward Shores,Dane,DA-0530/582,Four Lakes,Four Lakes,16,305527,4777772,Bluff Edge,Lake,Lake
Woodward Shores East,Dane,DA-0582,Four Lakes,Four Lakes,16,305937,4777829,Terrace,Lake,Lake
Yahara #1,Dane,DA-0250,Four Lakes,Four Lakes,16,304270,4780387,Terrace,River,Confluence
Yahara Heights,Dane,DA-0253,Four Lakes,Four Lakes,16,305835,4780645,Terrace,River,Marsh
Zoo,Dane,DA-1193,Four Lakes,Four Lakes,16,303726,4770202,Terrace,Lake,Lake
A. Clark,Dodge,DO-0646,Horicon,East Horicon,16,372865,4819242,Hill Slopes,River,Valley
Boiling Springs,Dodge,DO-0690,Horicon,Boiling Springs,16,357012,4811227,Terrace,River,Spring
Brummond-Schaumbert,Dodge,DO-0218,Horicon,East Horicon,16,372987,4821454,Hill Slopes,River,Confluence
Clark,Dodge,DO-0144,Horicon,East Horicon,16,372510,4818989,Hill Slopes,River,Spring
Crosses,Dodge,DO-0697,Horicon,East Horicon,16,371452,4823212,Hill Slopes,Marsh,Marsh
Davitt,Dodge,DO-0012,Horicon,Isolate,16,349376,4809332,Terrace,River,Valley
DO-0001,Dodge,DO-0001,Horicon,Boiling Springs,16,356826,4811641,Terrace,River,Headwaters
DO-0066 A,Dodge,DO-0066,Horicon,South Horicon,16,368127,4811596,Terrace,River,Confluence
DO-0066 B,Dodge,DO-0066,Horicon,South Horicon,16,368139,4811814,Terrace,River,Confluence
DO-0066 C,Dodge,DO-0066,Horicon,South Horicon,16,367931,4811677,Terrace,River,Confluence
DO-0070,Dodge,DO-0070,Horicon,Isolate,16,375967,4805323,Hill Slopes,River,Valley
DO-0071,Dodge,DO-0071,Horicon,Hustiford,16,370722,4799975,Terrace,River,Confluence
DO-0074,Dodge,DO-0074,Horicon,Hustiford,16,370828,4800341,Terrace,River,Confluence
DO-0099,Dodge,DO-0099,Horicon,Site Pair,16,358614,4812969,Terrace,Upland,Headwaters
DO-0112,Dodge,DO-0112,Horicon,Isolate,16,382750,4819071,Terrace,River,Valley
DO-0114,Dodge,DO-0114,Horicon,East Horicon,16,377312,4818853,Hill Slopes,River,Valley
DO-0115,Dodge,DO-0115,Horicon,East Horicon,16,376164,4818576,Hill Slopes,River,Valley
DO-0116,Dodge,DO-0116,Horicon,East Horicon,16,374071,4818618,Hill Slopes,River,Valley
DO-0123,Dodge,DO-0123,Horicon,East Horicon,16,374500,4815063,Hill Slopes,Marsh,Marsh
DO-0127,Dodge,DO-0127,Horicon,East Horicon,16,373513,4815266,Hill Slopes,Upland,Marsh
Dobberpuhl,Dodge,DO-0212,Horicon,East Horicon,16,371214,4814152,Terrace,Marsh,Spring
Ehricke,Dodge,DO-0209,Horicon,East Horicon,16,371083,4814883,Hill Slopes,Marsh,Confluence
Enclosed,Dodge,DO-0247,Horicon,East Horicon,16,373635,4818872,Terrace,River,Valley
Fischer,Dodge,DO-0207,Horicon,East Horicon,16,371404,4815750,Hill Slopes,Marsh,Confluence
Fishgoat,Dodge,DO-0692,Horicon,Nitschke,16,363159,4814743,Terrace,Creek,Spring
Gleissner,Dodge,DO-0143,Horicon,East Horicon,16,371632,4816550,Hill Slopes,Upland,Marsh
Government Marsh,Dodge,DO-0037,Horicon,Fox Lake,16,346340,4829142,Terrace,Lake,Lake
Hairpin,Dodge,DO-0694,Horicon,East Horicon,16,377229,4817119,Terrace,River,Valley
Hamann,Dodge,DO-0090,Unaffiliated,Isolate,16,347544,4788820,Hill Slopes,River,Lake
House,Dodge,DO-0691,Unaffiliated,Isolate,16,348555,4798997,Hill Slopes,Upland,Lake
Hull Road,Dodge,DO-0689,Unaffiliated,Isolate,16,371259,4809017,Terrace,Upland,Marsh
Hustiford Effigy,Dodge,DO-0074,Horicon,Hustiford,16,370570,4800633,Hill Slopes,River,Confluence
Hyland Prairie 1,Dodge,DO-0698,Horicon,Site Pair,16,358834,4711831,Terrace,Upland,Marsh
Indermuhle Island,Dodge,DO-0215,Horicon,East Horicon,16,369903,4814169,Island,Marsh,Marsh
Juneau Road,Dodge,DO-0077,Horicon,Road,16,364405,4805911,Hill Slopes,Upland,Divide
Koch,Dodge,DO-0208,Horicon,East Horicon,16,371360,4815046,Hill Slopes,River,Spring
Kolterman,Dodge,DO-0155,Horicon,Kolterman,16,370628,4828767,Hill Slopes,Marsh,Marsh
Lake Emily,Dodge,DO-0030,Horicon,Isolate,16,341000,4831641,Terrace,Lake,Lake
Lake View,Dodge,DO-0020,Horicon,Beaver Dam,16,352220,4816235,Terrace,Lake,Marsh
Line Road,Dodge,DO-0044,Horicon,Boiling Springs,16,356555,4811428,Terrace,River,Headwaters
Nitschke,Dodge,DO-0027,Horicon,Nitschke,16,362720,4814721,Hill Slopes,Creek,Spring
North Shore Resort,Dodge,DO-0031,Horicon,Fox Lake,16,344798,4829086,Terrace,Lake,Confluence
North Shore Woods,Dodge,DO-0040,Horicon,Fox Lake,16,345585,4829144,Terrace,Lake,Confluence
Northeast Shore,Dodge,DO-0036,Horicon,Fox Lake,16,347524,4828234,Terrace,Lake,Confluence
Oak Grove A,Dodge,DO-0588,Horicon,Road,16,358624,4803827,Hill Slopes,Upland,Headwaters
Oak Grove B,Dodge,DO-0589,Horicon,Road,16,359815,4804246,Hill Slopes,Upland,Headwaters
Overlook,Dodge,DO-0696,Horicon,East Horicon,16,374895,4815811,Ridgetop,River,Confluence
Pahl/Brummond Time,Dodge,DO-0141,Horicon,East Horicon,16,372348,4817318,Hill Slopes,Marsh,Spring
Pautz 1,Dodge,DO-0522,Horicon,Nitschke,16,362899,4815292,Hill Slopes,Creek,Spring
Prawatschke,Dodge,DO-0120,Horicon,East Horicon,16,372073,4818645,Hill Slopes,River,Spring
Ridge,Dodge,DO-0079,Unaffiliated,Isolate,16,350729,4792555,Ridgetop,River,Marsh
River Bend,Dodge,DO-0688,Horicon,South Horicon,16,367749,4810957,Terrace,River,Valley
Ruby Farm,Dodge,DO-0018,Horicon,Beaver Dam,16,352659,4816091,Hill Slopes,Lake,Lake
Ruttenberger,Dodge,DO-0205,Horicon,Kolterman,16,372016,4826832,Ridgetop,Creek,Valley
Schaeffer,Dodge,DO-0007,Horicon,Isolate,16,350399,4811881,Ridgetop,Lake,Lake
Schaumberg,Dodge,DO-0211,Horicon,East Horicon,16,372468,4815209,Hill Slopes,Upland,Headwaters
Sherberl,Dodge,DO-0202,Horicon,Kolterman,16,370707,4826949,Bluff Edge,Marsh,Marsh
Sinks,Dodge,DO-0695,Horicon,South Horicon,16,367269,4812157,Terrace,River,Confluence
Waas,Dodge,DO-0203,Horicon,Kolterman,16,370753,4826175,Bluff Edge,Marsh,Marsh
Waterworks Bay,Dodge,DO-0693,Horicon,Beaver Dam,16,352500,4815470,Hill Slopes,Lake,Lake
Waushara,Dodge,DO-0055,Horicon,Fox Lake,16,345338,4825416,Hill Slopes,Lake,Confluence
West Shore 1,Dodge,DO-0057,Horicon,Fox Lake,16,342607,4826122,Hill Slopes,Lake,Lake
West Shore 2,Dodge,DO-0044,Horicon,Fox Lake,16,342500,4826431,Hill Slopes,Lake,Lake
Wool Road,Dodge,DO-0118,Horicon,East Horicon,16,373868,4818343,Terrace,River,Valley
Yerges,Dodge,DO-0132,Unaffiliated,Isolate,16,341186,4788125,Terrace,River,Marsh
Zilisch,Dodge,DO-0147,Horicon,Isolate,16,367660,4803749,Hill Slopes,River,Confluence
DB-0002,Dubuque,DB-0002,Apple River,Site Pair,15,667874,4702882,Ridge Spur,River,Valley
Grandview Effigy Bear,Dubuque,DB-0022,Apple River,Isolate,15,692134,4705870,Ridge Spur,River,Floodplain
Hogan's Branch,Dubuque,DB-0392,Apple River,Site Pair,15,666575,4702975,Ridge Spur,River,Valley
Academy Hill,Fond du Lac,FD-0007,Niagara,Site Pair,16,389084,4848497,Bluff Edge,Creek,Lake
Birckhauser,Fond du Lac,FD-0039,Niagara,Isolate,16,402771,4851638,Hill Slopes,River,Marsh
Brugger,Fond du Lac,FD-0078,Niagara,Site Pair,16,389853,4852272,Bluff Edge,Lake,Lake
Byron,Fond du Lac,FD-0005,Unaffiliated,Isolate,16,386887,4832555,Terrace,River,Valley
Camp Shaginappi,Fond du Lac,FD-0013,Niagara,Isolate,16,393443,4863401,Terrace,Lake,Confluence
FD-0006,Fond du Lac,FD-0006,Unaffiliated,Isolate,16,369534,4853060,Terrace,River,Valley
Leonard Mill,Fond du Lac,FD-0018,Niagara,Site Pair,16,388566,4847611,Toeslope,River,Valley
Peebles,Fond du Lac,FD-0077,Niagara,Site Pair,16,389355,4851676,Bluff Edge,Lake,Lake
Seven Mile Creek,Fond du Lac,FD-0034,Unaffiliated,Isolate,16,374163,4843548,Hill Slopes,Creek,Spring
St. Cloud,Fond du Lac,FD-0036,Niagara,Isolate,16,405045,4852416,Terrace,River,Marsh
Weir Effigy,Fond du Lac,FD-0080,Horicon,Isolate,16,363556,4833026,Terrace,River,Valley
Wolf Lake Hotel,Fond du Lac,FD-0000,Niagara,Isolate,16,403284,4857418,Terrace,Lake,Lake
Wright/Rotker/Martin/Waffle,Fond du Lac,FD-0359-362,Niagara,Isolate,16,387410,4842739,Terrace,Lake,Lake
Cannon River Drive,Goodhue,GD-0182,Upper Miss,Isolate,15,532060,4935815,Terrace,River,Confluence
Bagley,Grant,GT-0127,Prairie du Chien,Elephant,15,655032,4751755,Terrace,River,Floodplain
Ballfield,Grant,GT-0124,Prairie du Chien,Wyalusing,15,653396,4761451,Ridge,River,Confluence
Bird (Hughes),Grant,GT-0261,Turkey River,Middle Grant,15,676510,4739518,Ridge Spur,River,Floodplain
Bird (Schlundt),Grant,GT-0051,Prairie du Chien,Isolate,15,667674,4767998,Terrace,River,Floodplain
Cammack,Grant,GT-0237,Turkey River,Isolate,15,683112,4727434,Ridge Spur,River,Valley
Conical,Grant,GT-0003,Turkey River,Middle Grant,15,677469,4738359,Ridge Spur,River,Confluence
Eagle Valley #2,Grant,GT-0631,Turkey River,Eagle Valley,15,658103,4738939,Ridge Spur,River,Confluence
Eagle Valley #3,Grant,GT-0041,Turkey River,Eagle Valley,15,657822,4739736,Ridge Spur,River,Floodplain
Eckstein/Ploessl,Grant,GT-0436,Turkey River,Middle Grant,15,675930,4732017,Ridge Spur,River,Confluence
Elephant,Grant,GT-0014,Prairie du Chien,Elephant,15,656360,4750090,Terrace,River,Floodplain
English Prairie,Grant,GT-0383,Eagle Township,English Prairie,15,703315,4783300,Terrace,River,Floodplain
Fenley,Grant,GT-0191,Apple River,Site Pair,15,692746,4716188,Ridge Spur,River,Confluence
Gifford,Grant,GT-0151,Prairie du Chien,Wyalusing,15,653211,4756928,Ridge Spur,River,Valley
GT-0023,Grant,GT-0023,Turkey River,Eagle Valley,15,660098,4734891,Ridge Spur,River,Confluence
GT-0038,Grant,GT-0038,Turkey River,Cassville,15,674175,4728971,Ridge,River,Divide
GT-0046,Grant,GT-0046,Prairie du Chien,Isolate,15,668833,4765844,Terrace,River,Confluence
GT-0101,Grant,GT-0101,Turkey River,Isolate,15,685213,4730808,Ridge Spur,Creek,Valley
GT-0111,Grant,GT-0111,Turkey River,Middle Grant,15,677551,4736859,Ridge,River,Valley
GT-0123,Grant,GT-0123,Prairie du Chien,Site Pair,15,659069,4761648,Toeslope,River,Confluence
GT-0145,Grant,GT-0145,Prairie du Chien,Wyalusing,15,652205,4758439,Ridge,River,Valley
GT-0148,Grant,GT-0148,Prairie du Chien,Wyalusing,15,652822,4756777,Ridge Spur,Creek,Valley
GT-0149,Grant,GT-0149,Prairie du Chien,Wyalusing,15,652795,4757313,Ridge,River,Floodplain
GT-0163,Grant,GT-0163,Unaffiliated,Site Pair,15,692073,4716832,Ridge Spur,River,Floodplain
GT-0385,Grant,GT-0385,Turkey River,Cassville,15,672705,4730521,Ridge,River,Valley
GT-0386,Grant,GT-0386,Turkey River,Uddelhoven,15,676654,4727673,Ridge Spur,River,Floodplain
GT-0387,Grant,GT-0387,Turkey River,Uddelhoven,15,676487,4727776,Ridge Spur,River,Floodplain
GT-0492,Grant,GT-0492,Turkey River,Cassville,15,671829,4729951,Ridge,River,Valley
GT-0493,Grant,GT-0493,Turkey River,Cassville,15,668982,4729490,Terrace,River,Floodplain
GT-0497,Grant,GT-0497,Prairie du Chien,Elephant,15,657146,4750020,Ridge Spur,River,Confluence
GT-0530,Grant,GT-0530,Turkey River,Upper Grant,15,677959,4745833,Ridge Spur,River,Confluence
Jack Oak Slough,Grant,GT-0029,Turkey River,Cassville,15,666754,4729758,Terrace,River,Confluence
McLean,Grant,GT-0002,Turkey River,Upper Grant,15,678510,4746226,Ridge Spur,River,Confluence
Meng,Grant,GT-0150,Prairie du Chien,Wyalusing,15,653422,4757588,Ridge,River,Divide
Muscoda,Grant,GT-0056,Eagle Township,English Prairie,15,707905,4785425,Confluence,River,Floodplain
Panther Ridge,Grant,GT-0380,Turkey River,Eagle Valley,15,658672,4737376,Ridge Spur,River,Confluence
Potosi,Grant,GT-0107,Turkey River,Isolate,15,687168,4729173,Ridge,River,Valley
Procession of Mounds,Grant,GT-0132,Prairie du Chien,Wyalusing,15,653919,4760597,Ridge,River,Headwaters
Raisbeck,Grant,GT-0112,Turkey River,Middle Grant,15,674048,4736115,Ridge Spur,River,Confluence
Riverside Park,Grant,GT-0032,Turkey River,Cassville,15,664837,4730459,Terrace,River,Floodplain
Sander's Creek,Grant,GT-0007,Eagle Township,Isolate,15,685408,4778217,Terrace,River,Confluence
Schnee,Grant,GT-0391,Prairie du Chien,Wyalusing,15,657228,4760383,Ridge,Creek,Valley
Sentinal Ridge,Grant,GT-0136,Prairie du Chien,Wyalusing,15,652494,4760718,Ridge,River,Confluence
Ski Jump,Grant,GT-0531,Turkey River,Upper Grant,15,678397,4745070,Hill Slopes,Creek,Valley
South Point,Grant,GT-0146,Prairie du Chien,Wyalusing,15,651835,4757403,Ridge Spur,River,Confluence
Spook Hill,Grant,GT-0392,Prairie du Chien,Wyalusing,15,652860,4759013,Ridge,River,Floodplain
Uddelhoven #1,Grant,GT-0254,Turkey River,Uddelhoven,15,676291,4727844,Ridge Spur,River,Confluence
Uppena #1,Grant,GT-0171,Turkey River,Cassville,15,669193,4729945,Ridge,River,Floodplain
Uppena #2,Grant,GT-0173,Turkey River,Cassville,15,670163,4729266,Bluff Edge,River,Floodplain
WA 12,Grant,GT-0251,Turkey River,Cassville,15,672874,4728482,Ridge,River,Floodplain
Wyalusing,Grant,GT-0120,Prairie du Chien,Wyalusing,15,652042,4756327,Ridge Spur,River,Floodplain
Yearous,Grant,GT-0168,Turkey River,Isolate,15,681970,4728799,Ridge Spur,River,Valley
Babcock,Green Lake,GL-0086,Green Lake,Sugar Loaf,16,333424,4851084,Terrace,Lake,Lake
Big Bend of the Fox,Green Lake,GL-0262,Green Lake,Site Pair,16,327805,4852705,Terrace,River,Floodplain
Carlsruhe,Green Lake,GL-0060,Green Lake,East Green Lake,16,344584,4853122,Hillslope,Lake,Lake
Dhalke,Green Lake,GL-0120,Green Lake,Puckaway,16,322993,4845392,Ridgetop,Lake,Lake
Ebert,Green Lake,GL-0115,Green Lake,Puckaway,16,319724,4844842,Ridgetop,Lake,Divide
Forest Glen Beach,Green Lake,GL-0061,Green Lake,East Green Lake,16,345038,4853127,Terrace,Lake,Confluence
Germania,Green Lake,GL-0059,Green Lake,East Green Lake,16,344215,4852970,Terrace,Lake,Spring
GL-0069,Green Lake,GL-0069,Green Lake,Isolate,16,343745,4839464,Terrace,Creek,Spring
GL-0087,Green Lake,GL-0087,Green Lake,Site Pair,16,334351,4848998,Lakeshore,Lake,Confluence
GL-0131,Green Lake,GL-0131,Green Lake,Grand River Springs,16,346108,4843325,Hilltop,River,Marsh
GL-0144,Green Lake,GL-0144,Green Lake,Isolate,16,327511,4841688,Uplands,River,Spring
GL-0146,Green Lake,GL-0146,Green Lake,Isolate,16,334159,4836126,Unknown,Creek,Valley
GL-0160,Green Lake,GL-0160,Green Lake,Princeton,16,326372,4857830,Uplands,Marsh,Marsh
Grand River Forks,Green Lake,GL-0105,Green Lake,Isolate,16,325582,4841888,Toeslope,Marsh,Confluence
Green Lake,Green Lake,GL-0248,Green Lake,Sugar Loaf,16,336576,4853280,Lakeshore,Lake,Lake
Hrabe Bird,Green Lake,GL-0260,Green Lake,Site Pair,16,327532,4852939,Terrace,River,Spring
Hutchinson,Green Lake,GL-0168,Green Lake,Isolate,16,339833,4859534,Terrace,River,Floodplain
Lake Minnie,Green Lake,GL-0034,Green Lake,Isolate,16,341417,4851280,Hillslope,Lake,Lake
Le Roy Creek,Green Lake,GL-0040,Green Lake,Site Pair,16,335128,4849104,Lakeshore,Lake,Confluence
Lunlow,Green Lake,GL-0101,Green Lake,Princeton,16,326781,4857437,Unknown,Marsh,Marsh
Meilke,Green Lake,GL-0113,Green Lake,Grand River Springs,16,345680,4843308,Terrace,River,Marsh
Military Road,Green Lake,GL-0025,Green Lake,East Green Lake,16,346858,4852247,Hilltop,Upland,Spring
Murtagh,Green Lake,GL-0079,Green Lake,Puckaway,16,324158,4845622,Toeslope,Lake,Marsh
North Shore,Green Lake,GL-0048,Green Lake,Isolate,16,339576,4844546,Bluff,Lake,Lake
Norwegian Bay,Green Lake,GL-0027,Green Lake,Sugar Loaf,16,335538,4852295,Terrace,Lake,Lake
Old Green Lake Road,Green Lake,GL-0264,Green Lake,Isolate,16,332830,4856398,Hilltop,Marsh,Headwaters
Powell Creek,Green Lake,GL-0057,Green Lake,East Green Lake,16,344833,4852986,Terrace,Lake,Confluence
Quimby Bay,Green Lake,GL-0085,Green Lake,Sugar Loaf,16,334321,4852204,Terrace,Lake,Confluence
Schwager II,Green Lake,GL-0078,Green Lake,Puckaway,16,321010,4845024,Hillslope,Lake,Lake
Silver Creek,Green Lake,GL-0009,Green Lake,East Green Lake,16,345741,4854533,Hilltop,Lake,Confluence
Spring Grove,Green Lake,GL-0062,Green Lake,East Green Lake,16,343699,4852894,Terrace,Lake,Spring
Sugar Loaf,Green Lake,GL-0004,Green Lake,Sugar Loaf,16,336360,4852090,Hilltop,Lake,Lake
Terrace Beach,Green Lake,GL-0010,Green Lake,East Green Lake,16,344885,4854741,Terrace,Lake,Confluence
Terrace Beach North,Green Lake,GL-0263,Green Lake,East Green Lake,16,344669,4855117,Terrace,Lake,Confluence
Tinkham,Green Lake,GL-0100,Green Lake,Grand River Springs,16,347404,4844382,Terrace,River,Spring
Utley,Green Lake,GL-0063,Green Lake,Grand River Springs,16,346077,4844129,Terrace,River,Marsh
Weise,Green Lake,GL-0095,Green Lake,Princeton,16,327792,4857321,Terrace,Creek,Valley
Willow Point I,Green Lake,GL-0090,Green Lake,East Green Lake,16,329647,4848576,Lakeshore,Lake,Confluence
Hein,Houston,HU-0015,Trempealeau,Hokah,15,636290,4851964,Terrace,River,Confluence
Hokah,Houston,HU-0011,Bad Axe,Hokah,15,632430,4846223,Terrace,River,Confluence
HU-0013,Houston,HU-0013,Trempealeau,Hokah,15,636372,4853635,Terrace,River,Floodplain
HU-0014,Houston,HU-0014,Trempealeau,Hokah,15,636046,4852355,Terrace,River,Confluence
Cushman,Iowa,IA-0026,Pecatonica,Site Pair,15,718330,4744397,Ridge Spur,River,Confluence
Fitzimmons,Iowa,IA-0036,Pecatonica,Isolate,15,741091,4754785,Hill Slope,River,Valley
Peniel Church,Iowa,IA-0016,Pecatonica,Site Pair,15,717807,4745098,Ridge Spur,River,Valley
Sawle,Iowa,IA-0155,Unaffiliated,Isolate,16,226560,4782078,Terrace,River,Floodplain
Seider-Culver,Iowa,IA-0008,Unaffiliated,Isolate,15,728270,4782332,Ridge Spur,River,Confluence
Siamese Birds,Iowa,IA-0435,Eagle Township,Isolate,15,714479,4786343,Terrace,River,Floodplain
Whatsit,Iowa,IA-0436,Eagle Township,Isolate,15,711303,4785854,Terrace,River,Floodplain
Wolf Trap,Iowa,IA-0437,Eagle Township,Isolate,15,716952,4786959,Terrace,River,Floodplain
Altpeter,Jefferson,JE-0079,Koshkonong,Koshkonong,16,343194,4753005,Hill Slopes,Lake,Confluence
Ankylosaur,Jefferson,JE-1145,Koshkonong,Koshkonong,16,349695,4761685,Hill Slopes,River,Valley
Approach,Jefferson,JE-1150,Koshkonong,Aztalan,16,347540,4769621,Hill Slopes,River,Floodplain
Aztalan Cemetery,Jefferson,JE-0100,Koshkonong,Aztalan,16,348345,4771549,Terrace,River,Floodplain
Bailke Bird,Jefferson,JE-1092,Koshkonong,East Branch,16,352574,4765759,Terrace,River,Floodplain
Banker,Jefferson,JE-0020,Koshkonong,Koshkonong,16,349702,4758137,Hill Slopes,Creek,Valley
Brandel,Jefferson,JE-0376,Koshkonong,Koshkonong,16,345354,4754133,Terrace,River,Valley
Cedar Lodge,Jefferson,JE-0073,Koshkonong,Lake Ripley,16,338156,4762984,Terrace,Lake,Lake
Cowles,Jefferson,JE-0073,Koshkonong,Lake Ripley,16,337660,4763470,Terrace,Lake,Lake
Cue,Jefferson,JE-1144,Koshkonong,Koshkonong,16,350472,4758753,Hill Slopes,Creek,Valley
Draves,Jefferson,JE-0086,Koshkonong,West Koshkonong,16,338681,4750895,Terrace,Lake,Confluence
Everson Woods,Jefferson,JE-0068,Koshkonong,Rock Lake,16,343415,4769256,Terrace,Lake,Lake
Flanked,Jefferson,JE-1149,Koshkonong,Lake Ripley,16,336903,4763369,Terrace,Lake,Confluence
Gargen,Jefferson,JE-0073,Koshkonong,Lake Ripley,16,338273,4762652,Terrace,Lake,Lake
General Atkinson,Jefferson,JE-0003,Koshkonong,Koshkonong,16,344129,4748845,Bluff Edge,Lake,Lake
Hoard,Jefferson,JE-0033,Koshkonong,Koshkonong,16,343727,4748134,Terrace,Lake,Lake
Ice Age,Jefferson,JE-1146,Koshkonong,Koshkonong,16,350835,4758647,Terrace,Creek,Valley
Ira Bingham,Jefferson,JE-0036,Koshkonong,Koshkonong,16,341336,4745907,Terrace,Lake,Marsh
January,Jefferson,JE-0940,Koshkonong,Lake Ripley,16,337208,4763531,Terrace,Lake,Lake
JE-0009,Jefferson,JE-0009,Koshkonong,East Branch,16,352449,4767067,Terrace,River,Floodplain
JE-0017,Jefferson,JE-0017,Koshkonong,Koshkonong,16,351592,4761888,Terrace,River,Confluence
JE-0026,Jefferson,JE-0026,Koshkonong,Koshkonong,16,351095,4755043,Hill Slopes,River,Floodplain
JE-0050,Jefferson,JE-0050,Koshkonong,Rock Lake,16,343923,4770650,Terrace,Lake,Confluence
JE-0051,Jefferson,JE-0051,Koshkonong,Rock Lake,16,344217,4771027,Terrace,Lake,Confluence
JE-0067,Jefferson,JE-0067,Koshkonong,Rock Lake,16,343314,4768530,Terrace,Lake,Confluence
Koehler,Jefferson,JE-1062,Koshkonong,Koshkonong,16,352408,4760463,Hill Slopes,River,Floodplain
Kumlein,Jefferson,JE-0091,Koshkonong,West Koshkonong,16,336221,4752015,Hill Slopes,River,Divide
Lang,Jefferson,JE-0172,Koshkonong,East Branch,16,352841,4767537,Hill Slopes,River,Floodplain
Le Sellier,Jefferson,JE-0093,Koshkonong,West Koshkonong,16,336502,4749405,Hill Slopes,Lake,Confluence
Mode,Jefferson,JE-1148,Koshkonong,Koshkonong,16,342223,4756549,Hill Slopes,Creek,Divide
Phillips Ferry,Jefferson,JE-0058,Koshkonong,Rock Lake,16,343697,4770092,Terrace,Lake,Lake
Riverside,Jefferson,JE-0028,Koshkonong,Koshkonong,16,348878,4754072,Terrace,River,Spring
Sandy Beach,Jefferson,JE-0056,Koshkonong,Rock Lake,16,343249,4769689,Terrace,Lake,Lake
School Hill,Jefferson,JE-1147,Koshkonong,Koshkonong,16,350491,4760015,Hill Slopes,Creek,Valley
Schwertz,Jefferson,JE-0140,Koshkonong,Koshkonong,16,344273,4754878,Hill Slopes,River,Valley
South Cemetery,Jefferson,JE-0121,Koshkonong,Aztalan,16,348661,4771327,Terrace,River,Floodplain
Telfer,Jefferson,JE-0937,Koshkonong,Aztalan,16,349079,4772636,Hill Slopes,River,Floodplain
Ward,Jefferson,JE-0021,Koshkonong,Koshkonong,16,346873,4757764,Terrace,Lake,Lake
Weckler,Jefferson,JE-0374,Koshkonong,Koshkonong,16,345736,4756324,Hill Slopes,Creek,Headwaters
Aiken,Jo Daviess,JD-0005,Apple River,Galena,15,712692,4692088,Bluff Edge,River,Confluence
Grace Chapman,Jo Daviess,JD-0010,Apple River,Isolate,15,725433,4679563,Terrace,River,Floodplain
Graham Mounds South Group,Jo Daviess,JD-0071,Apple River,Isolate,15,710355,4705088,Ridge Spur,Upland,Divide
Leekly,Jo Daviess,JD-0006,Apple River,Isolate,15,713943,4705694,Ridge Spur,River,Valley
Mississippi Bluff,Jo Daviess,JD-0021,Apple River,Isolate,15,693817,4707065,Bluff Edge,River,Floodplain
Reynick-Fleege,Jo Daviess,JD-0034,Apple River,Galena,15,709978,4694715,Terrace,River,Confluence
Charles O'Day I,Juneau,JU-0018,Central Wisc,Site Pair,15,727272,4868202,Terrace,River,Confluence
Charles O'Day II,Juneau,JU-0283,Central Wisc,Site Pair,15,727624,4868263,Terrace,River,Confluence
Coleman,Juneau,JU-0097,Central Wisc,Lemonweir,15,731122,4854185,Terrace,Creek,Valley
Cranberry Center,Juneau,JU-0174,Central Wisc,Isolate,16,718301,4885692,Terrace,River,Marsh
Grant Effigy,Juneau,JU-0073,Central Wisc,Isolate,15,719459,4842746,Toeslope,Marsh,Marsh
JU-0008,Juneau,JU-0008,Central Wisc,Isolate,15,727980,4872310,Upland,None,Unknown
JU-0009,Juneau,JU-0009,Central Wisc,Isolate,15,730606,4870940,Terrace,River,Valley
JU-0010,Juneau,JU-0010,Central Wisc,Isolate,15,732328,4869088,Terrace,River,Valley
JU-0024,Juneau,JU-0024,Central Wisc,Site Pair,15,718766,4863377,Terrace,River,Floodplain
JU-0026,Juneau,JU-0026,Central Wisc,Site Pair,15,719526,4852921,Terrace,River,Floodplain
JU-0032,Juneau,JU-0032,Central Wisc,Isolate,16,269415,4849457,Terrace,River,Floodplain
JU-0034,Juneau,JU-0034,Central Wisc,Isolate,15,718638,4889748,Terrace,Creek,Marsh
JU-0038,Juneau,JU-0038,Central Wisc,Lemonweir,15,735792,4853431,Terrace,River,Floodplain
JU-0042,Juneau,JU-0042,Central Wisc,Isolate,16,261149,4851769,Terrace,River,Floodplain
JU-0044,Juneau,JU-0044,Central Wisc,Isolate,16,737265,4850982,Terrace,Creek,Valley
JU-0047,Juneau,JU-0047,Central Wisc,Lemonweir,15,733469,4857888,Terrace,River,Confluence
JU-0057,Juneau,JU-0057,Central Wisc,Site Pair,15,728479,4860738,Terrace,Marsh,Confluence
JU-0079,Juneau,JU-0079,Central Wisc,Isolate,15,738086,4871733,Terrace,River,Floodplain
JU-0100,Juneau,JU-0100,Central Wisc,Isolate,15,729294,4901463,Terrace,River,Floodplain
JU-0104,Juneau,JU-0104,Central Wisc,Isolate,15,727461,4865806,Terrace,River,Floodplain
JU-0149,Juneau,JU-0149,Central Wisc,Lemonweir,15,734449,4853879,Terrace,River,Confluence
Max Andrae North,Juneau,JU-0005,Central Wisc,Site Pair,15,734668,4894364,Terrace,River,Floodplain
Max Andrae South,Juneau,JU-0006,Central Wisc,Site Pair,15,734394,4893153,Terrace,River,Floodplain
N. E.,Juneau,JU-0238,Central Wisc,Isolate,15,732245,4890553,Terrace,River,Floodplain
New Lisbon,Juneau,JU-0056,Central Wisc,Site Pair,15,728673,4860885,Terrace,River,Confluence
North Mound Group,Kane,KA-0015,Isolate,Site Pair,16,390959,4626487,Terrace,River,Valley
South Mound Group,Kane,KA-0015,Isolate,Site Pair,16,390842,4626825,Terrace,River,Valley
Wehmhoff,Kenosha,KN-0015,SE Wisc,Isolate,16,399586,4717542,Hill Slopes,River,Confluence
Boat Ramp,La Crosse,LC-0736,Trempealeau,Isolate,15,641747,4860182,Terrace,River,Floodplain
Brice Prairie Mounds,La Crosse,LC-0735,Trempealeau,Site Pair,15,637380,4864585,Terrace,River,Floodplain
Low Ground,La Crosse,LC-0746,Trempealeau,Isolate,15,640143,4856671,Terrace,River,Floodplain
Myrick Park,La Crosse,LC-0010,Trempealeau,Isolate,15,642592,4853408,Terrace,River,Floodplain
North Shore Mounds,La Crosse,No OSA #,Trempealeau,Site Pair,15,638443,4863869,Terrace,River,Floodplain
Anderson,Lafayette,LT-0062,Pecatonica,Isolate,16,264552,4718161,Ridge Spur,River,Valley
Kerber,Lafayette,LT-0012,Pecatonica,Isolate,15,740049,4727567,Ridge Spur,River,Confluence
Quarry,Manitowoc,MN-0042,Unaffiliated,Isolate,16,426099,4880781,Terrace,River,Valley
Maine,Marathon,MR-0022,Isolate,Outlier,16,292254,4993980,Terrace,River,Floodplain
Barrett,Marquette,MQ-0141,Buffalo Lake,Buffalo Lake,16,303401,4847747,Terrace,River,Confluence
Bonas,Marquette,MQ-0157,Buffalo Lake,Buffalo Lake,16,299992,4847853,Terrace,Creek,Floodplain
Buffalo Shore Bird,Marquette,MQ-0148,Buffalo Lake,Buffalo Lake,16,301009,4845361,Terrace,River,Floodplain
Butler,Marquette,MQ-0114,Central Wisc,Pleasant Lake,16,295665,4872769,Terrace,Lake,Lake
Chicago and Northwestern,Marquette,MQ-0147,Buffalo Lake,Buffalo Lake,16,301036,4846520,Terrace,River,Floodplain
Clocksin,Marquette,MQ-0060,Central Wisc,Pleasant Lake,16,293863,4870483,Hillslopes,Lake,Lake
Donohoe,Marquette,MQ-0106,Unaffiliated,Isolate,16,312122,4860205,Terrace,Marsh,Floodplain
F. Helmer Lakeshore,Marquette,MQ-0088,Buffalo Lake,Buffalo Lake,16,309005,4849418,Terrace,River,Floodplain
Falcate,Marquette,MQ-0158,Buffalo Lake,Buffalo Lake,16,301227,4847801,Terrace,River,Floodplain
Flock of Bears,Marquette,MQ-0185,Buffalo Lake,Buffalo Lake,16,306877,4850233,Terrace,River,Confluence
Kratz Creek,Marquette,MQ-0039,Buffalo Lake,Buffalo Lake,16,308367,4849362,Terrace,River,Spring
Lakeview,Marquette,MQ-0146,Buffalo Lake,Buffalo Lake,16,301041,4846777,Terrace,River,Floodplain
Larson,Marquette,MQ-0044,Buffalo Lake,Buffalo Lake,16,301156,4844916,Terrace,River,Floodplain
Lester Williamson,Marquette,MQ-0131,Buffalo Lake,Buffalo Lake,16,307127,4849272,Terrace,River,Floodplain
McClaughry,Marquette,MQ-0038,Buffalo Lake,Buffalo Lake,16,305193,4849431,Terrace,River,Spring
McNutt Mounds,Marquette,MQ-0186,Buffalo Lake,Buffalo Lake,16,302603,4841171,Hillslopes,Upland,Unknown
Merritt's Landing Minks I,Marquette,MQ-0014,Buffalo Lake,Buffalo Lake,16,301475,4843042,Terrace,River,Floodplain
Merritt's Landing Minks II,Marquette,MQ-0150,Buffalo Lake,Buffalo Lake,16,301417,4842875,Terrace,River,Floodplain
Merritt's Landing Minks III,Marquette,MQ-0151,Buffalo Lake,Buffalo Lake,16,301670,4842545,Terrace,River,Floodplain
Mound Group 1,Marquette,MQ-0063,Buffalo Lake,Buffalo Lake,16,304183,4840565,Hillslopes,River,Floodplain
Mound Group 2,Marquette,MQ-0062,Buffalo Lake,Buffalo Lake,16,303515,4841091,Terrace,River,Floodplain
Mound Group 3,Marquette,MQ-0061,Buffalo Lake,Buffalo Lake,16,303352,4841632,Terrace,River,Floodplain
MQ-0007,Marquette,MQ-0007,Unaffiliated,Isolate,16,320529,4848514,Terrace,Lake,Confluence
MQ-0015,Marquette,MQ-0015,Buffalo Lake,Buffalo Lake,16,300928,4843027,Hilltop,River,Floodplain
MQ-0092,Marquette,MQ-0092,Buffalo Lake,Buffalo Lake,16,306518,4849046,Terrace,River,Floodplain
MQ-0095,Marquette,MQ-0095,Buffalo Lake,Buffalo Lake,16,312957,4850529,Terrace,River,Confluence
MQ-0097,Marquette,MQ-0097,Buffalo Lake,Buffalo Lake,16,310310,4849867,Terrace,River,Floodplain
MQ-0098,Marquette,MQ-0098,Buffalo Lake,Buffalo Lake,16,310678,4850200,Terrace,River,Floodplain
Neale,Marquette,MQ-0049,Buffalo Lake,Buffalo Lake,16,302251,4847341,Terrace,River,Spring
Neindorff,Marquette,MQ-0030,Buffalo Lake,Buffalo Lake,16,307220,4850108,Terrace,River,Confluence
Ox Creek,Marquette,MQ-0164,Buffalo Lake,Buffalo Lake,16,304888,4850053,Terrace,Creek,Confluence
Packwaukee,Marquette,MQ-0033,Buffalo Lake,Buffalo Lake,16,302541,4848675,Terrace,Creek,Spring
Page Creek Point,Marquette,MQ-0138,Buffalo Lake,Buffalo Lake,16,303864,4848161,Terrace,River,Confluence
Riverside Farm,Marquette,MQ-0134,Buffalo Lake,Buffalo Lake,16,305693,4848910,Terrace,River,Floodplain
Riverside Farm II,Marquette,MQ-0136,Buffalo Lake,Buffalo Lake,16,305122,4848830,Terrace,River,Floodplain
Rockefeller,Marquette,MQ-0031,Buffalo Lake,Buffalo Lake,16,305948,4849659,Terrace,River,Floodplain
Schuette,Marquette,MQ-0047,Central Wisc,Pleasant Lake,16,295107,4872848,Terrace,Lake,Lake
Schultz,Marquette,MQ-0079,Unaffiliated,Isolate,16,293498,4836176,Hillslopes,River,Floodplain
Slough,Marquette,MQ-0124,Buffalo Lake,Buffalo Lake,16,304527,4842117,Terrace,River,Floodplain
Soo Line,Marquette,MQ-0156,Buffalo Lake,Buffalo Lake,16,300623,4844190,Terrace,River,Floodplain
South Bay,Marquette,MQ-0001,Central Wisc,Pleasant Lake,16,294845,4872787,Terrace,Lake,Lake
Tom Gage,Marquette,MQ-0144,Buffalo Lake,Buffalo Lake,16,301357,4846301,Terrace,River,Floodplain
Whistling Post,Marquette,MQ-0165,Buffalo Lake,Buffalo Lake,16,306839,4849716,Terrace,River,Confluence
Whiteman's Cellars,Marquette,MQ-0161,Buffalo Lake,Buffalo Lake,16,304705,4849803,Terrace,Creek,Valley
Whitson Quinn and Clarke,Marquette,MQ-0139,Buffalo Lake,Buffalo Lake,16,303883,4847671,Terrace,River,Floodplain
Zacharias Island,Marquette,MQ-0187,Green Lake,Isolate,16,318643,4846065,Island,Marsh,Marsh
Kakwatch Bird,Menominee,ME-130,Isolate,Outlier,16,376972,4973765,Hill Slope,Lake,Marsh
Beaubian,Milwaukee,MI-0066,Milwaukee,Milwaukee,16,426088,4767608,Terrace,River,Floodplain
Fond du Lac Avenue,Milwaukee,MI-0061,Milwaukee,Milwaukee,16,422849,4768429,Upland,Upland,Headwaters
Hawley,Milwaukee,MI-0070,Milwaukee,Milwaukee,16,423117,4765561,Hill Slopes,River,Floodplain
Hull,Milwaukee,MI-0076,Milwaukee,Milwaukee,16,423140,4760707,Terrace,River,Valley
Indian Fields,Milwaukee,MI-0014,Milwaukee,Milwaukee,16,422143,4760282,Terrace,River,Valley
Indian Prairie,Milwaukee,MI-0021,Milwaukee,Milwaukee,16,424373,4775452,Terrace,River,Spring
Juneau,Milwaukee,MI-0065,Milwaukee,Milwaukee,16,426013,4765935,Terrace,River,Valley
Mill Street,Milwaukee,MI-0078,Milwaukee,Milwaukee,16,424748,4766382,Terrace,River,Floodplain
National Avenue,Milwaukee,MI-0055,Milwaukee,Milwaukee,16,422607,4763479,Terrace,River,Floodplain
North Avenue,Milwaukee,MI-0056,Milwaukee,Milwaukee,16,427010,4767548,Terrace,River,Floodplain
Reservoir Avenue,Milwaukee,MI-0071,Milwaukee,Milwaukee,16,425716,4767045,Terrace,River,Floodplain
Richard Street,Milwaukee,MI-0064,Milwaukee,Milwaukee,16,426087,4768179,Hill Slopes,River,Floodplain
Schlitz Park,Milwaukee,MI-0060,Milwaukee,Milwaukee,16,425260,4766863,Terrace,River,Floodplain
School Section,Milwaukee,MI-0062,Milwaukee,Milwaukee,16,426895,4768120,Terrace,River,Floodplain
Sherman's Addition,Milwaukee,MI-0073,Milwaukee,Milwaukee,16,426033,4767103,Terrace,River,Floodplain
Smith,Milwaukee,MI-0197,Milwaukee,Milwaukee,16,426808,4770768,Terrace,River,Floodplain
Teller,Milwaukee,MI-0033,Milwaukee,Milwaukee,16,425993,4771927,Terrace,River,Floodplain
Trowbridge Carey,Milwaukee,MI-0057,Milwaukee,Milwaukee,16,421901,4763173,Terrace,River,Floodplain
Walker's Point,Milwaukee,MI-0136,Milwaukee,Milwaukee,16,425303,4763801,Terrace,River,Confluence
Wisconsin Street,Milwaukee,MI-0068,Milwaukee,Milwaukee,16,426364,4765299,Terrace,River,Confluence
Deerfield,Ogle,OG-,Rockford,Site Pair,16,315570,4670348,Bluff Edge,River,Valley
Oregon,Ogle,OG-0111,Rockford,Site Pair,16,306945,4653669,Terrace,River,Floodplain
Plateau,Ogle,OG-0015,Rockford,Site Pair,16,307395,4661636,Terrace,River,Floodplain
Rock River Farm,Ogle,OG-,Rockford,Site Pair,16,314425,4669036,Unknown,River,Valley
Waubeka,Ozaukee,OZ-0006,Lizard Mound,Site Pair,16,417289,4813886,Terrace,River,Spring
Yahr,Ozaukee,OZ-0341,Lizard Mound,Site Pair,16,416137,4814305,Hill Slopes,River,Confluence
Solberg,Pepin,PE-0006,Upper Miss,Isolate,15,565363,4922001,Floodplain,River,Confluence
Diamond Bluff #1,Pierce,PI-0002,Upper Miss,Site Pair,15,531670,4942018,Terrace,River,Confluence
Diamond Bluff #2,Pierce,PI-0132,Upper Miss,Site Pair,15,532475,4941196,Terrace,River,Confluence
La Pune,Pierce,PI-0056,Upper Miss,Isolate,15,524881,4948115,Bluff Edge,River,Floodplain
Rasmussen/Bear/Mtree,Pierce,PI-0015/26/21,Upper Miss,Isolate,15,564638,4940294,Terrace,River,Floodplain
Almond Lake,Portage,PT-0283,Central Wisc,Isolate,16,304781,4903011,Terrace,Lake,Lake
Bigelow-Hamilton,Portage,PT-0029,Central Wisc,Wisconsin River,16,296989,4926581,Bluff Edge,River,Floodplain
Lake Clar-Re,Portage,PT-0282,Central Wisc,Wisconsin River,16,299226,4926043,Upland,None,Unknown
Plover River,Portage,PT-0024,Central Wisc,Wisconsin River,16,296624,4929564,Bluff Edge,River,Valley
Warnke,Portage,PT-0039,Central Wisc,Wisconsin River,16,290482,4924041,Terrace,River,Floodplain
Bluff,Racine,RA-0014,Racine,Racine,16,434249,4730683,Terrace,River,Floodplain
Hart,Racine,RA-0099,Central Wisc,Isolate,16,401663,4742860,Upland,River,Divide
Hoy,Racine,RA-0020,Racine,Racine,16,434528,4730313,Terrace,River,Floodplain
Oak Stump,Racine,RA-0291,Racine,Racine,16,434636,4730829,Terrace,River,Floodplain
Waubeesee,Racine,RA-0026?,Central Wisc,Isolate,16,404602,4741543,Terrace,Lake,Confluence
White River,Racine,RA-0004,Central Wisc,Isolate,16,395849,4725858,Terrace,River,Confluence
All Plowed,Richland,RI-0419,Eagle Township,Sextonville,15,719245,4794473,Terrace,River,Floodplain
Amalgamation Mound,Richland,RI-0032,Eagle Township,Eagle Township,15,704248,4788579,Hill Slopes,Upland,Floodplain
Armbruster,Richland,RI-0438,Eagle Township,Eagle Township,15,705802,4787888,Terrace,Creek,Floodplain
Beckwith,Richland,RI-0020,Eagle Township,Pine River,15,719323,4787665,Terrace,River,Confluence
Bremmer,Richland,RI-0397,Eagle Township,Isolate,15,710972,4787160,Terrace,River,Valley
Clipped Wing,Richland,,Eagle Township,Eagle Township,15,706596,4787221,Terrace,River,Floodplain
Confluence,Richland,,Eagle Township,Eagle Township,15,707939,4787613,Terrace,Creek,Confluence
Conundrum,Richland,,Eagle Township,Pine River,15,718638,4787517,Terrace,River,Confluence
Creekside,Richland,RI-0401,Eagle Township,Eagle Township,15,706481,4789074,Terrace,River,Confluence
Cupp Mounds,Richland,,Eagle Township,Isolate,15,698609,4786834,Terrace,River,Confluence
Daggers and Does,Richland,RI-0411,Kickapoo,Viola,15,689517,4818737,Ridge Spur,Creek,Spring
Dingman,Richland,RI-0227,Eagle Township,Eagle Township,15,700942,4787182,Terrace,River,Confluence
Diving Birds,Richland,RI-0418,Eagle Township,Sextonville,15,717757,4794570,Hill Slopes,Creek,Valley
Eagle Township,Richland,RI-0038/220,Eagle Township,Eagle Township,15,705995,4786492,Terrace,River,Confluence
Elder,Richland,RI-0031,Eagle Township,Eagle Township,15,706260,4788197,Hill Slopes,River,Floodplain
Gasser,Richland,RI-0207,Eagle Township,Isolate,15,694833,4785700,Terrace,River,Floodplain
Hamilton,Richland,RI-0034,Eagle Township,Eagle Township,15,700080,4787309,Terrace,River,Floodplain
Hunting Eagle,Richland,RI-0043,Eagle Township,Eagle Township,15,706608,4787370,Terrace,River,Valley
Ketcham,Richland,RI-0168,Eagle Township,Bear Creek,15,724645,4787436,Terrace,River,Valley
Lone Eagle,Richland,RI-0408,Eagle Township,Eagle Township,15,706854,4787576,Terrace,River,Valley
Lost Dog,Richland,,Eagle Township,Bear Creek,15,724161,4786342,Terrace,River,Floodplain
Lost Goose,Richland,RI-0405,Eagle Township,Eagle Township,15,707302,4788361,Terrace,Creek,Floodplain
Man Mound,Richland,RI-0319,Eagle Township,Eagle Township,15,704202,4787557,Terrace,Upland,Floodplain
Marsh Eagle,Richland,RI-0404,Eagle Township,Eagle Township,15,707942,4786793,Terrace,River,Valley
McCleary 1,Richland,RI-0211,Eagle Township,Eagle Township,15,705278,4787643,Terrace,Creek,Floodplain
McCleary 2,Richland,RI-0400,Eagle Township,Eagle Township,15,704916,4787250,Terrace,Creek,Floodplain
McCleary 3,Richland,RI-0209,Eagle Township,Eagle Township,15,704950,4786755,Terrace,River,Confluence
Meridian,Richland,,Eagle Township,Eagle Township,15,708379,4787539,Terrace,Creek,Floodplain
Mink Escape,Richland,RI-0421,Eagle Township,Sextonville,15,718016,4794094,Terrace,Creek,Confluence
Old Channel,Richland,RI-0021,Eagle Township,Pine River,15,719432,4788192,Terrace,River,Floodplain
Old Road,Richland,RI-0403,Eagle Township,Eagle Township,15,707935,4787345,Terrace,Creek,Confluence
Pine River Enclosure,Richland,RI-0416,Eagle Township,Pine River,15,718282,4787803,Terrace,River,Confluence
Pleasant Valley School,Richland,RI-0223,Eagle Township,Isolate,15,707149,4792996,Terrace,River,Valley
Port Andrews,Richland,RI-0075,Eagle Township,Isolate,15,690386,4784828,Toe Slopes,River,Floodplain
Quarter Post Bird,Richland,RI-0409,Eagle Township,Eagle Township,15,704005,4787253,Terrace,Upland,Floodplain
Raptor,Richland,RI-0402,Eagle Township,Eagle Township,15,707564,4787517,Terrace,River,Confluence
RI-0008,Richland,RI-0008,Eagle Township,Bear Creek,15,724407,4786802,Terrace,River,Floodplain
RI-0028,Richland,RI-0028,Eagle Township,Eagle Township,15,707991,4788429,Terrace,Creek,Valley
RI-0050,Richland,RI-0050,Eagle Township,Isolate,15,721123,4797701,Toe Slopes,River,Valley
RI-0224,Richland,RI-0224,Eagle Township,Eagle Township,15,705791,4788209,Terrace,Upland,Floodplain
RI-0322,Richland,RI-0322,Eagle Township,Bear Creek,15,725050,4788318,Terrace,River,Valley
Schaeffer,Richland,RI-0039,Eagle Township,Eagle Township,15,707218,4786610,Terrace,River,Confluence
Smoking Birds,Richland,RI-0421,Eagle Township,Sextonville,15,718081,4793645,Terrace,River,Floodplain
Spur,Richland,,Eagle Township,Eagle Township,15,707008,4788292,Terrace,River,Confluence
Stiles,Richland,,Eagle Township,Isolate,15,718526,4789805,Unknown,River,Floodplain
Troller Mounds,Richland,,Eagle Township,Eagle Township,15,710060,4786495,Terrace,River,Confluence
Twin Lizard,Richland,RI-0406,Eagle Township,Eagle Township,15,710642,4786244,Terrace,River,Floodplain
Wade,Richland,RI-0033,Eagle Township,Eagle Township,15,699600,4787429,Terrace,River,Confluence
Wanek,Richland,RI-0073,Eagle Township,Isolate,15,695612,4787411,Terrace,Creek,Valley
Waterbirds,Richland,RI-0420,Eagle Township,Sextonville,15,718429,4794802,Marsh,River,Confluence
William Thompson 1,Richland,RI-0213,Eagle Township,Eagle Township,15,703353,4786745,Terrace,River,Floodplain
William Thompson 2,Richland,RI-0214,Eagle Township,Eagle Township,15,703386,4786929,Terrace,River,Floodplain
Wolf,Richland,RI-0146,Eagle Township,Eagle Township,15,705835,4788760,Terrace,River,Confluence
Afton,Rock,RO-0126,Unaffiliated,Site Pair,16,329844,4719334,Terrace,River,Floodplain
Afton Mill,Rock,RO-0119,Unaffiliated,Site Pair,16,330616,4718498,Terrace,River,Confluence
Baldwin,Rock,RO-0028,Beloit,Beloit,16,332871,4711857,Terrace,River,Floodplain
Beloit College,Rock,RO-0015,Beloit,Beloit,16,333135,4707461,Terrace,River,Floodplain
Buell's Bear,Rock,RO-0396,Beloit,Beloit,16,335112,4709615,Terrace,River,Floodplain
Duquy (Adams),Rock,RO-0031,Beloit,Beloit,16,332979,4709408,Terrace,River,Floodplain
Henderson,Rock,RO-0027,Beloit,Beloit,16,332869,4710372,Terrace,River,Floodplain
Hillcrest,Rock,RO-0041,Beloit,Beloit,16,334848,4707343,Terrace,River,Floodplain
Indian Ford,Rock,RO-0300,Koshkonong,Site Pair,16,327047,4740368,Hill Slope,River,Confluence
Indian Hill,Rock,RO-0001,Koshkonong,Site Pair,16,328502,4742104,Hill Slope,Marsh,Marsh
Joint Switch,Rock,RO-0142,Beloit,Beloit,16,334412,4708778,Terrace,River,Floodplain
Jones,Rock,RO-0038,Beloit,Beloit,16,334047,4707259,Terrace,River,Floodplain
Pierce,Rock,RO-0138,Beloit,Beloit,16,336610,4712240,Terrace,River,Floodplain
State Line,Rock,RO-0039,Beloit,Beloit,16,334559,4706627,Terrace,River,Floodplain
Strong,Rock,RO-0143,Beloit,Beloit,16,334930,4709217,Terrace,River,Floodplain
Tayeheedah,Rock,RO-0092,Koshkonong,West Koshkonong,16,336423,4744777,Terrace,Lake,Lake
Taylor House,Rock,RO-0181,Koshkonong,West Koshkonong,16,336202,4745115,Terrace,Lake,Lake
Weirick,Rock,RO-0030,Beloit,Beloit,16,332735,4711186,Terrace,River,Floodplain
Atkinson,Sauk,SK-0044,Baraboo Range,Lower Dells,16,280193,4826835,Bluff Edge,River,Floodplain
Badger,Sauk,SK-0593,Unaffiliated,Spring Green,16,261801,4787446,Terrace,Creek,Valley
Bay,Sauk,SK-0306,Baraboo Range,Merrimac,16,286291,4805177,Terrace,River,Floodplain
Canfield,Sauk,SK-0028,Baraboo Range,Baraboo,16,275969,4816362,Terrace,River,Floodplain
Carlson,Sauk,SK-0068,Baraboo Range,Baraboo,16,284246,4817324,Toeslope,Upland,Floodplain
Case,Sauk,SK-0017,Baraboo Range,Baraboo,16,277050,4816140,Terrace,River,Floodplain
Cemetery,Sauk,SK-0296,Baraboo Range,Baraboo,16,278834,4814128,Terrace,Creek,Valley
Cook,Sauk,SK-0066,Baraboo Range,Baraboo,16,282928,4816846,Terrace,Creek,Floodplain
Cornfield,Sauk,SK-0030,Baraboo Range,Baraboo,16,279877,4816085,Ridge,River,Floodplain
Council House/Remington,Sauk,SK-0014,Baraboo Range,Baraboo,16,279307,4816008,Terrace,River,Floodplain
Crandall,Sauk,SK-0031,Baraboo Range,Baraboo,16,279102,4817005,Terrace,River,Floodplain
Devil's Lake #1,Sauk,SK-0023,Baraboo Range,Devil's Lake,16,279373,4810010,Terrace,Lake,Lake
Devil's Lake #2,Sauk,SK-0026,Baraboo Range,Devil's Lake,16,279161,4711662,Terrace,Lake,Lake
Devil's Nose,Sauk,SK-0092,Baraboo Range,Merrimac,16,284074,4808367,Hill Slope,River,Marsh
Draper's Creek,Sauk,SK-0016,Baraboo Range,Baraboo,16,278602,4814498,Terrace,Creek,Valley
Eagle,Sauk,SK-0082,Baraboo Range,Merrimac,16,285477,4806225,Hill Slope,River,Floodplain
Eagle,Sauk,SK-0094,Baraboo Range,Merrimac,16,285752,4806635,Terrace,Lake,Lake
Garrisonville Bear,Sauk,SK-0062,Baraboo Range,Baraboo,16,286897,4818525,Toeslope,River,Valley
Glen Creek,Sauk,SK-0302,Baraboo Range,Baraboo,16,280555,4814267,Terrace,River,Valley
Glover,Sauk,SK-0297,Baraboo Range,Baraboo,16,278439,4815693,Terrace,River,Floodplain
Greenfield,Sauk,SK-0060,Baraboo Range,Baraboo,16,280940,4815444,Terrace,River,Floodplain
Greenfield Man Mound,Sauk,SK-0027,Baraboo Range,Baraboo,16,283982,4818307,Toeslope,Upland,Divide
Gross,Sauk,SK-0083,Baraboo Range,Merrimac,16,285040,4804847,Terrace,River,Floodplain
Hemlock,Sauk,SK-0592,Unaffiliated,La Valle,15,731434,4829506,Terrace,River,Valley
Hill,Sauk,SK-0116,Unaffiliated,Isolate,15,734962,4783382,Terrace,River,Floodplain
Honey Creek,Sauk,SK-0098,Baraboo Range,Honey Creek,16,270509,4794407,Terrace,River,Valley
Howlett,Sauk,SK-0022,Baraboo Range,Baraboo,16,276185,4814407,Terrace,River,Valley
Hoxie,Sauk,SK-0134,Unaffiliated,Spring Green,16,256460,4788300,Terrace,River,Confluence
Jackson Creek,Sauk,SK-0070,Baraboo Range,Baraboo,16,286656,4816895,Terrace,River,Confluence
Jantz,Sauk,SK-0301,Baraboo Range,Lower Dells,16,281597,4826316,Hill Slope,River,Floodplain
Johnson,Sauk,SK-0125,Baraboo Range,Kingston,16,274630,4803084,Toeslope,River,Valley
Jones,Sauk,SK-0112,Unaffiliated,Spring Green,15,741804,4786637,Terrace,River,Floodplain
Kingston,Sauk,SK-0124,Baraboo Range,Kingston,16,273633,4803554,Terrace,Creek,Valley
Kruger Creek,Sauk,SK-0086,Baraboo Range,Merrimac,16,282512,4804996,Terrace,River,Confluence
La Valle Man Mound,Sauk,SK-0080,Unaffiliated,La Valle,15,734837,4827863,Ridge,River,Floodplain
Langdon,Sauk,SK-0057,Baraboo Range,Baraboo,16,282335,4814756,Terrace,River,Floodplain
Lapham,Sauk,SK-0309,Baraboo Range,Merrimac,16,281931,4806354,Hill Slope,Lake,Valley
Leach Creek,Sauk,SK-0051,Baraboo Range,Isolate,16,283281,4821787,Terrace,River,Valley
Long Lizard,Sauk,SK-0058,Baraboo Range,Baraboo,16,282078,4815170,Terrace,River,Floodplain
Lower Dells,Sauk,SK-0040,Baraboo Range,Lower Dells,16,278800,4830475,Bluff Edge,River,Floodplain
Maple Grove,Sauk,SK-0298,Baraboo Range,Baraboo,16,279357,4813242,Terrace,Creek,Valley
May Be,Sauk,SK-0595,Unaffiliated,Spring Green,16,256567,4789033,Ridge Spur,River,Valley
McGann,Sauk,SK-0394,Baraboo Range,Baraboo,16,282187,4816675,Terrace,Creek,Floodplain
McGilvra,Sauk,SK-0065,Baraboo Range,Baraboo,16,280820,4818211,Hill Slope,Upland,Lake
Merry Mac,Sauk,SK-0305,Baraboo Range,Merrimac,16,287326,4705945,Terrace,River,Floodplain
Mink,Sauk,SK-0093,Baraboo Range,Merrimac,16,280945,4806793,Terrace,Lake,Lake
Mosley,Sauk,SK-0104,Baraboo Range,Honey Creek,16,270791,4792140,Terrace,River,Confluence
Mother and Cub,Sauk,SK-0089,Baraboo Range,Merrimac,16,284487,4804371,Terrace,River,Floodplain
Newport,Sauk,SK-0038,Baraboo Range,Lower Dells,16,276975,4831247,Terrace,River,Confluence
Norton,Sauk,SK-0596,Unaffiliated,Spring Green,15,741199,4786175,Terrace,River,Floodplain
Oak Hill,Sauk,SK-0081,Unaffiliated,La Valle,15,734846,4827365,Ridge Spur,River,Floodplain
Otter Creek,Sauk,SK-0312,Baraboo Range,Kingston,16,275662,4802569,Terrace,River,Valley
Paddock,Sauk,SK-0073,Unaffiliated,La Valle,15,735129,4832665,Terrace,River,Valley
Pass,Sauk,SK-0594,Unaffiliated,Spring Green,16,257380,4788781,Toe Slope,Creek,Valley
Patterson,Sauk,SK-0100,Baraboo Range,Honey Creek,16,271245,4793954,Toeslope,River,Valley
Pierce,Sauk,SK-0129,Unaffiliated,Spring Green,16,266058,4787257,Terrace,River,Confluence
Polson,Sauk,SK-0055,Baraboo Range,Lower Dells,16,282608,4826536,Hill Slope,River,Spring
Porter,Sauk,SK-0049,Baraboo Range,Isolate,16,285399,4824970,Terrace,River,Marsh
Potter,Sauk,SK-0015,Baraboo Range,Baraboo,16,278907,4815195,Terrace,River,Floodplain
Prairie Effigy,Sauk,SK-0120,Unaffiliated,Spring Green,15,743513,4788632,Terrace,River,Valley
Ragatz,Sauk,SK-0363,Baraboo Range,Isolate,16,269010,4797869,Terrace,River,Valley
Rainbow,Sauk,SK-0597,Unaffiliated,Spring Green,15,739754,4784539,Terrace,River,Confluence
River Bank,Sauk,SK-0087,Baraboo Range,Merrimac,16,284223,4804567,Terrace,River,Confluence
Sauk Prairie,Sauk,SK-0103,Baraboo Range,Honey Creek,16,273016,4793409,Terrace,River,Confluence
Saxer,Sauk,SK-0097,Baraboo Range,Honey Creek,16,270602,4794109,Ridge Spur,River,Valley
Searl's Creek,Sauk,SK-0085,Baraboo Range,Merrimac,16,283040,4804712,Terrace,River,Confluence
Siebacker,Sauk,SK-0071,Baraboo Range,Merrimac,16,281444,4804866,Terrace,River,Confluence
SK-0300,Sauk,SK-0300,Baraboo Range,Lower Dells,16,273351,4831675,Unknown,River,Unknown
SK-0305,Sauk,SK-0305,Baraboo Range,Merrimac,16,286510,4805819,Terrace,River,Floodplain
SK-0307,Sauk,SK-0307,Baraboo Range,Merrimac,16,285681,4805209,Terrace,River,Floodplain
SK-0308,Sauk,SK-0308,Baraboo Range,Merrimac,16,281050,4804329,Terrace,River,Confluence
SK-0310,Sauk,SK-0310,Baraboo Range,Honey Creek,16,274860,4793806,Terrace,Upland,Floodplain
SK-0311,Sauk,SK-0311,Baraboo Range,Kingston,16,276047,4803691,Terrace,River,Valley
SK-0313,Sauk,SK-0313,Baraboo Range,Merrimac,16,278951,4806877,Unknown,Creek,Valley
Skillet's Creek,Sauk,SK-0020,Baraboo Range,Baraboo,16,275157,4815056,Terrace,River,Valley
South Park,Sauk,SK-0107,Unaffiliated,Isolate,15,742326,4823086,Terrace,River,Floodplain
South Side,Sauk,SK-0012,Baraboo Range,Baraboo,16,278226,4815612,Hill Slope,River,Floodplain
Sprecher,Sauk,SK-0130,Unaffiliated,Isolate,16,264471,4795945,Terrace,River,Confluence
Spring Run,Sauk,SK-0067,Baraboo Range,Baraboo,16,282587,4815371,Terrace,River,Floodplain
Stage Road,Sauk,SK-0043,Baraboo Range,Lower Dells,16,279093,4827185,Hill Slope,River,Floodplain
Terminal Moraine,Sauk,SK-0024,Baraboo Range,Devil's Lake,16,278716,4811818,Hill Slope,Lake,Lake
Terminal Moraine 2,Sauk,SK-0024,Baraboo Range,Devil's Lake,16,278728,4811959,Ridge,Lake,Lake
Tinkham,Sauk,SK-0021,Baraboo Range,Baraboo,16,276582,4813969,Terrace,River,Valley
Train,Sauk,SK-0084,Baraboo Range,Merrimac,16,283884,4805278,Terrace,River,Confluence
Tyler,Sauk,SK-0011,Baraboo Range,Baraboo,16,277102,4815875,Terrace,River,Floodplain
Upper Mill Power,Sauk,SK-0029,Baraboo Range,Isolate,16,279175,4819653,Hill Slope,Upland,Valley
Vonburn,Sauk,SK-0096,Baraboo Range,Honey Creek,16,270079,4793886,Ridge Spur,River,Valley
Williams,Sauk,SK-0006,Baraboo Range,Baraboo,16,278539,4816068,Terrace,River,Floodplain
Wilson,Sauk,SK-0128,Unaffiliated,Spring Green,16,257003,4787730,Terrace,River,Confluence
Wisconsin River,Sauk,SK-0042,Baraboo Range,Lower Dells,16,278991,4828733,Terrace,River,Floodplain
Wyman,Sauk,SK-0046,Unaffiliated,Isolate,16,269974,4817295,Terrace,River,Floodplain
SY-0006,Sawyer,SY-0006,Isolate,Outlier,15,676991,5070194,Terrace,Lake,Confluence
Prior Lake,Scott,SC-0016,Isolate,Outlier,15,465216,4949932,Terrace,Lake,Divide
Koontz Eagle,Shawano,SW-0036,Isolate,Outlier,16,361772,4974588,Terrace,Lake,Lake
Black River #1,Sheboygan,SB-0172,Sheboygan,Black River,16,442599,4837181,Terrace,River,Floodplain
Gerber Pond,Sheboygan,SB-0014,Unaffiliated,Isolate,16,422854,4850417,Hill Slope,Lake,Spring
Henschell,Sheboygan,SB-0029,Niagara,Isolate,16,413386,4856091,Hill Slope,River,Marsh
Keller,Sheboygan,SB-0004,Niagara,Isolate,16,407588,4853093,Hill Slope,River,Marsh
Kletzien,Sheboygan,SB-0061,Sheboygan,Black River,16,442171,4838164,Terrace,Creek,Valley
Meggers,Sheboygan,SB-0059,Sheboygan,Black River,16,441309,4838950,Upland,Creek,Valley
Seeley Hill,Sheboygan,SB-0050,Sheboygan,Isolate,16,440142,4843363,Terrace,River,Spring
Sheboygan Falls,Sheboygan,SB-0054,Sheboygan,Isolate,16,435475,4841694,Bluff Edge,River,Floodplain
Pecatonica River,Stephenson,SH-0001,Unaffiliated,Outlier,16,302253,4689475,Hill Slopes,River,Spring
Britt-Decora,Trempealeau,TR-0002,Trempealeau,Decorah Prairie,15,635798,4880996,Terrace,River,Floodplain
C. Johnson,Trempealeau,TR-0232,Trempealeau,Galesville,15,631802,4887976,Terrace,River,Confluence
Cote #1,Trempealeau,TR-0210,Trempealeau,Decorah Prairie,15,633696,4879284,Terrace,River,Floodplain
Deeren Farms,Trempealeau,TR-0227,Trempealeau,Galesville,15,632552,4885336,Ridge Spur,River,Valley
Gale College,Trempealeau,TR-0018,Trempealeau,Galesville,15,631428,4881890,Terrace,River,Floodplain
Judge Gale,Trempealeau,TR-0358,Trempealeau,Galesville,15,634420,4885485,Terrace,River,Valley
LaBakken I,Trempealeau,TR-0120,Trempealeau,Galesville,15,632623,4885997,Terrace,River,Confluence
Lunde,Trempealeau,TR-0228,Trempealeau,Decorah Prairie,15,630360,4872089,Floodplain,River,Marsh
Marinuka,Trempealeau,TR-0224,Trempealeau,Galesville,15,631834,4882295,Terrace,River,Floodplain
McDonah,Trempealeau,TR-0009,Trempealeau,Decorah Prairie,15,630789,4871996,Floodplain,River,Marsh
Meunier,Trempealeau,TR-0008,Trempealeau,Decorah Prairie,15,633061,4877140,Terrace,River,Floodplain
Mt. Trempealeau,Trempealeau,TR-0033,Trempealeau,Site Pair,15,620629,4874967,Hill Slope,River,Confluence
Pederson,Trempealeau,TR-0095,Trempealeau,Galesville,15,629678,4881379,Terrace,River,Floodplain
Pine Creek Siding,Trempealeau,TR-0023,Trempealeau,Isolate,15,617164,4879993,Floodplain,River,Marsh
Stablo,Trempealeau,TR-0011,Trempealeau,Decorah Prairie,15,632146,4873539,Terrace,River,Floodplain
Tank Creek Bird,Trempealeau,TR-0389,Trempealeau,Decorah Prairie,15,361849,4873189,Floodplain,River,Confluence
TR-0005,Trempealeau,TR-0005,Trempealeau,Decorah Prairie,15,634356,4878846,Terrace,River,Floodplain
Trowbridge Farm,Trempealeau,TR-0028/66,Trempealeau,Site Pair,15,621575,4875454,Terrace,River,Floodplain
Turnbull/Cote #2,Trempealeau,TR-0006,Trempealeau,Decorah Prairie,15,634009,4879027,Terrace,River,Valley
Asbury,Vernon,VE-1289,Bad Axe,Red Mound,15,648361,4817901,Ridgeline,Upland,Headwaters
Bad Axe,Vernon,VE-0854,Bad Axe,Battle Island,15,644088,4820451,Terrace,River,Confluence
Bad Axe South,Vernon,VE-0856,Bad Axe,Battle Island,15,644470,4819533,Toeslope,River,Confluence
Battle Hollow South Terrace,Vernon,VE-1078,Bad Axe,Red Mound,15,644854,4812839,Terrace,River,Confluence
Baumgartner,Vernon,VE-0881,Bad Axe,South Bad Axe,15,653872,4820264,Terrace,River,Valley
Brudos,Vernon,VE-0884,Bad Axe,South Bad Axe,15,655948,4819201,Toeslope,River,Valley
Cade I,Vernon,VE-0642,Bad Axe,North Bad Axe,15,658646,4828272,Toeslope,River,Valley
Cade II,Vernon,VE-0629,Bad Axe,North Bad Axe,15,658611,4828462,Toeslope,River,Valley
Fisher,Vernon,VE-0825,Unaffiliated,Isolate,15,643092,4834819,Terrace,River,Floodplain
Fleck/McDonald,Vernon,VE-0002,Unaffiliated,Isolate,15,644088,4820455,Terrace,River,Confluence
Frohock Bird,Vernon,VE-1034,Bad Axe,South Bad Axe,15,655544,4818229,Toeslope,River,Valley
Halverson,Vernon,VE-0885,Bad Axe,South Bad Axe,15,658050,4821200,Hill Slope,River,Valley
Heike,Vernon,VE-0023,Bad Axe,Red Mound,15,648740,4815332,Ridge Spur,Upland,Headwaters
Horse,Vernon,VE-1288,Bad Axe,Red Mound,15,646255,4811146,Unknown,Creek,Valley
Johnson,Vernon,VE-0904,Bad Axe,South Bad Axe,15,658251,4820273,Toeslope,River,Valley
Kuehne,Vernon,VE-0007,Bad Axe,Isolate,15,648970,4821411,Island,Marsh,Confluence
L. Smith,Vernon,VE-0891,Kickapoo,Viola,15,687496,4818046,Terrace,River,Floodplain
Larson,Vernon,VE-0882,Kickapoo,Isolate,15,681898,4812069,Toeslope,River,Floodplain
Lerendoski I,Vernon,VE-0883,Bad Axe,Red Mound,15,647524,4817415,Ridge Spur,Upland,Valley
Lerendoski II,Vernon,VE-0968,Bad Axe,Red Mound,15,647641,4817261,Ridge Spur,Upland,Valley
M. Johnson,Vernon,VE-0855,Bad Axe,Red Mound,15,644512,4814234,Toeslope,River,Floodplain
Nigh,Vernon,VE-0886,Bad Axe,South Bad Axe,15,658161,4818229,Toeslope,River,Floodplain
Oksnaved,Vernon,VE-0880,Bad Axe,South Bad Axe,15,657198,4819584,Toeslope,River,Valley
Olson I and II,Vernon,VE-0910/911,Bad Axe,South Bad Axe,15,656328,4819083,Toeslope,Creek,Valley
Phillips,Vernon,VE-0887,Bad Axe,Battle Island,15,644401,4818805,Toeslope,River,Floodplain
Retreat Bird,Vernon,VE-1035,Bad Axe,Isolate,15,656055,4812344,Ridge Spur,Upland,Divide
Strang,Vernon,VE-0888,Bad Axe,Red Mound,15,645811,4811760,Ridgeline,River,Floodplain
Tollach,Vernon,VE-0918,Bad Axe,Red Mound,15,645106,4816192,Terrace,Creek,Valley
Tollackson I,Vernon,VE-0927,Bad Axe,North Bad Axe,15,654804,4827136,Toeslope,River,Valley
Tollackson III,Vernon,VE-0919,Bad Axe,North Bad Axe,15,654344,4826744,Terrace,River,Valley
VE-0015,Vernon,VE-0015,Kickapoo,Viola,15,687442,4819189,Floodplain,River,Floodplain
VE-0020,Vernon,VE-0020,Bad Axe,Red Mound,15,646167,4815924,Unknown,Upland,Unknown
VE-0021,Vernon,VE-0021,Bad Axe,Red Mound,15,650090,4814177,Ridge Spur,Upland,Headwaters
VE-0022,Vernon,VE-0022,Bad Axe,Red Mound,15,646285,4814122,Toeslope,Creek,Valley
VE-0024,Vernon,VE-0024,Bad Axe,Red Mound,15,649646,4814996,Ridgeline,Upland,Divide
Viola Bluff,Vernon,VE-1286,Kickapoo,Viola,15,688042,4819118,Bluff Spur,River,Floodplain
West Fork,Vernon,VE-1287,Kickapoo,Isolate,15,683989,4817711,Unknown,River,Floodplain
Hill Group,Wabasha,WB-0027,Upper Miss,Site Pair,15,569864,4910150,Terrace,River,Floodplain
Zumbro Valley,Wabasha,WB-0023,Upper Miss,Site Pair,15,572572,4908657,Terrace,River,Floodplain
Baker Bird,Walworth,WL-0029,SE Wisc,Isolate,16,374757,4715741,Ridgetop,Lake,Divide
Inlet,Walworth,WL-0009,SE Wisc,Site Pair,16,370260,4719480,Terrace,Lake,Confluence
Lake Geneva,Walworth,WL-0038,SE Wisc,Isolate,16,382040,4716259,Terrace,Lake,Confluence
Lake Lawn,Walworth,WL-0005,SE Wisc,Site Pair,16,368870,4720187,Terrace,Lake,Lake
Spring Lawn,Walworth,WL-0018,SE Wisc,Isolate,16,366445,4715807,Terrace,Lake,Confluence
Whitewater,Walworth,WL-0082,Koshkonong,Isolate,16,355350,4743198,Upland,Creek,Headwaters
Aurora,Washington,WT-0003,Lizard Mound,,16,,,Ridge,Marsh,Marsh
Cedar Lake,Washington,WT-0034,Lizard Mound,Isolate,16,398728,4807527,Terrace,Lake,Lake
Glass,Washington,WT-0199,Lizard Mound,Lizard Mound,16,409706,4813000,Terrace,River,Valley
Hagner,Washington,WT-0001,Lizard Mound,Lizard Mound,16,407766,4812911,Terrace,Upland,Spring
Joedicke I/Joedicke II,Washington,WT-0038/57,Lizard Mound,Site Pair,16,407000,4807320,Terrace,River,Confluence
Pike Lake,Washington,WT-0019,Lizard Mound,Isolate,16,392555,4796417,Terrace,Lake,Lake
Squirrel,Washington,WT-0309,Lizard Mound,Lizard Mound,16,408809,4812575,Terrace,River,Valley
Susen Backhaus,Washington,WT-0207,Lizard Mound,Lizard Mound,16,408845,4813801,Terrace,River,Valley
WT-0040,Washington,WT-0040,Lizard Mound,Site Pair,16,406665,4806834,Terrace,River,Valley
WA-0010,"Washington, MN",WA-0010,Upper Miss,Isolate,15,517195,4971654,Terrace,River,Floodplain
Bark River,Waukesha,WK-0586,Waukesha,Bark-Fox Portage,16,390972,4773729,Terrace,River,Valley
Big Bend I,Waukesha,WK-0196,Waukesha,Big Bend,16,402083,4747417,Terrace,River,Confluence
Big Bend II,Waukesha,WK-0244,Waukesha,Big Bend,16,402383,4746508,Terrace,River,Spring
Bird Hill,Waukesha,WK-0221,Waukesha,Waukesha,16,400589,4762802,Hill Slope,Upland,Spring
Brock,Waukesha,WK-0208,Waukesha,Big Bend,16,394581,4746507,Terrace,River,Confluence
Carroll College,Waukesha,WK-0225,Waukesha,Waukesha,16,399980,4761788,Hill Slopes,River,Floodplain
Channel,Waukesha,WK-0119,Waukesha,Bark-Fox Portage,16,395283,4772721,Terrace,River,Valley
Clark,Waukesha,WK-0125,Waukesha,Bark-Fox Portage,16,397374,4769936,Hill Slopes,Lake,Confluence
Court House,Waukesha,WK-0216,Waukesha,Waukesha,16,399977,4762631,Terrace,River,Floodplain
Dewey,Waukesha,WK-0204,Waukesha,Big Bend,16,397688,4746721,Ridge Spur,River,Floodplain
Dixon,Waukesha,WK-0153,Waukesha,Oconomowoc,16,380386,4772222,Terrace,Lake,Lake
Dousman Road,Waukesha,WK-0230,Waukesha,Oconomowoc,16,379487,4769324,Terrace,Lake,Lake
Harding,Waukesha,WK-0218,Waukesha,Waukesha,16,400913,4762544,Terrace,River,Floodplain
Hartland,Waukesha,WK-0062,Waukesha,Bark-Fox Portage,16,391898,4774824,Terrace,River,Floodplain
Horn,Waukesha,WK-0131,Waukesha,Bark-Fox Portage,16,397762,4769647,Hill Slopes,River,Spring
Junction,Waukesha,WK-0142,Waukesha,Bark-Fox Portage,16,400923,4765593,Terrace,River,Floodplain
Lakeside I,Waukesha,WK-0155,Waukesha,Oconomowoc,16,378570,4770760,Terrace,Lake,Lake
Lapham,Waukesha,WK-0144,Waukesha,Bark-Fox Portage,16,400475,4766189,Terrace,River,Floodplain
Lapham's Lost Turtle,Waukesha,WK-0585,Waukesha,Big Bend,16,401099,4746856,Ridge Spur,River,Floodplain
Main Street,Waukesha,WK-0222,Waukesha,Waukesha,16,399372,4762460,Terrace,River,Floodplain
Maney,Waukesha,WK-0198,Waukesha,Big Bend,16,402336,4745872,Terrace,River,Confluence
Merton,Waukesha,WK-0019,Waukesha,Bark-Fox Portage,16,394329,4777475,Terrace,River,Floodplain
Regula I,Waukesha,WK-0165,Waukesha,Oconomowoc,16,381581,4769145,Upland,Upland,Divide
Regula II,Waukesha,WK-0165,Waukesha,Oconomowoc,16,380699,4768662,Upland,Upland,Divide
Regula III,Waukesha,WK-0165,Waukesha,Oconomowoc,16,381171,4768792,Upland,Marsh,Marsh
School Section,Waukesha,WK-0133,Waukesha,Bark-Fox Portage,16,398460,4767842,Hill Slopes,River,Valley
Silurian Springs,Waukesha,WK-0233,Waukesha,Waukesha,16,400335,4762396,Terrace,River,Spring
South Shore,Waukesha,WK-0170,Waukesha,Oconomowoc,16,378565,4769862,Terrace,Lake,Lake
Stewart,Waukesha,WK-0141,Waukesha,Bark-Fox Portage,16,399103,4767269,Terrace,River,Valley
Summit Center I,Waukesha,WK-0583,Waukesha,Oconomowoc,16,379561,4768751,Upland,Upland,Divide
Summit Center II,Waukesha,WK-0584,Waukesha,Oconomowoc,16,380348,4768622,Upland,Upland,Divide
Swan,Waukesha,WK-0163,Waukesha,Oconomowoc,16,383089,4769271,Terrace,Lake,Lake
Waukesha Road,Waukesha,WK-0150,Waukesha,Bark-Fox Portage,16,399913,4766090,Terrace,River,Floodplain
WK-0018,Waukesha,WK-0018,Waukesha,Bark-Fox Portage,16,391608,4774611,Terrace,River,Floodplain
WK-0120,Waukesha,WK-0120,Waukesha,Bark-Fox Portage,16,395075,4771155,Terrace,Lake,Confluence
WK-0140,Waukesha,WK-0140,Waukesha,Bark-Fox Portage,16,399346,4766669,Terrace,River,Floodplain
WK-0154,Waukesha,WK-0154,Waukesha,Oconomowoc,16,379574,4771818,Upland,Lake,Divide
WK-0160,Waukesha,WK-0160,Waukesha,Oconomowoc,16,379481,4770075,Terrace,Lake,Lake
Young,Waukesha,WK-0117,Waukesha,Bark-Fox Portage,16,398678,4772956,Terrace,Creek,Valley
Emmon's Lake,Waupaca,WP-0005,Wolf River,Chain of Lakes,16,325029,4909242,Terrace,Lake,Confluence
Hatten Park,Waupaca,WP-0275,Wolf River,Isolate,16,359688,4916012,Terrace,River,Marsh
Highway,Waupaca,WP-0193,Wolf River,Chain of Lakes,16,329881,4811831,Terrace,Lake,Lake
Sanders,Waupaca,WP-0026,Wolf River,Isolate,16,351318,4903777,Terrace,River,Spring
Waupaca River,Waupaca,WP-0276,Wolf River,Isolate,16,347150,4910043,Terrace,River,Confluence
White Lake,Waupaca,WP-0050,Wolf River,Isolate,16,345252,4913258,Terrace,Lake,Lake
Wood Mounds,Waupaca,WP-0047,Wolf River,Isolate,16,344461,4918672,Terrace,Lake,Lake
WP-0041,Waupaca,WP-0041,Wolf River,Isolate,16,352356,4912060,Terrace,Lake,Confluence
WP-0078,Waupaca,WP-0078,Wolf River,Isolate,16,353673,4916099,Terrace,River,Confluence
North Shore,Waushara,WS-0006,Central Wisc,Pleasant Lake,16,295651,4873560,Terrace,Lake,Lake
S. Booth III,Waushara,WS-0032,Central Wisc,Isolate,16,322128,4879557,Terrace,Lake,Lake
Second Lake,Waushara,WS-0235,Central Wisc,Isolate,16,303154,4897770,Terrace,Lake,Lake
Bear Mounds,Winnebago,WN-0525,Wolf River,Isolate,16,360271,4871926,Upland,Creek,Headwaters
Clark's Point,Winnebago,WN-0076,Wolf River,Isolate,16,363304,4889909,Hill Slope,Lake,Lake
Doty Island/Smith Park,Winnebago,WN-0030/796,Unaffiliated,Isolate,16,384584,4893909,Island,Lake,Confluence
George Overton,Winnebago,WN-0054,Wolf River,Isolate,16,369055,4883616,Terrace,Lake,Confluence
Krisbaker-Llewellyn,Winnebago,WN-0006,Wolf River,Isolate,16,357515,4867780,Hill Slope,Lake,Confluence
Oakwood,Winnebago,WN-0012,Wolf River,Isolate,16,371133,4877864,Terrace,Lake,Lake
Spread Eagle,Winnebago,WN-0063,Wolf River,Isolate,16,356397,4867633,Hill Slope,River,Valley
Tustin,Winnebago,WN-0092,Wolf River,Isolate,16,350036,4891226,Terrace,Lake,Lake
Willow Harbor,Winnebago,WN-0015,Wolf River,Isolate,16,380197,4866180,Terrace,Lake,Confluence
Airport Road,"Winnebago, IL",WO-0012,Rockford,Rockford,16,327333,4674484,Terrace,River,Floodplain
Beattie Park,"Winnebago, IL",WO-0011,Rockford,Rockford,16,327546,4682086,Terrace,River,Floodplain
Beltline,"Winnebago, IL",WO-,Rockford,Rockford,16,327405,4671815,Terrace,River,Floodplain
Carbon,"Winnebago, IL",WO-,Rockford,Rockford,16,324679,4672680,Terrace,River,Confluence
Harrison Road,"Winnebago, IL",WO-,Rockford,Rockford,16,326757,4677863,Terrace,River,Floodplain
Johns,"Winnebago, IL",WO-0003,Rockford,Rockford,16,325326,4674446,Terrace,River,Floodplain
Juncture,"Winnebago, IL",WO-,Beloit,Beloit,16,327015,4702893,Terrace,River,Floodplain
Kent Creek,"Winnebago, IL",WO-,Rockford,Rockford,16,326562,4680946,Terrace,River,Confluence
Kishwaukee Road,"Winnebago, IL",WO-,Rockford,Rockford,16,325077,4672907,Terrace,River,Floodplain
Overlook,"Winnebago, IL",WO-,Beloit,Beloit,16,330260,4701702,Terrace,River,Floodplain
River Ford,"Winnebago, IL",WO-,Beloit,Beloit,16,331306,4705492,Terrace,River,Confluence
Rockton,"Winnebago, IL",WO-,Beloit,Beloit,16,329253,4702650,Terrace,River,Confluence
Route 2,"Winnebago, IL",WO-,Rockford,Rockford,16,321294,4672094,Terrace,River,Floodplain
South Beloit,"Winnebago, IL",WO-,Beloit,Beloit,16,332534,4706110,Hill Slopes,River,Confluence
WN-0005,Winona,WN-0005,Trempealeau,Isolate,15,624997,4864024,Ridge,Creek,Divide
WN-0007,Winona,WN-0007,Trempealeau,Isolate,15,627050,4869053,Terrace,River,Confluence
WN-0010,Winona,WN-0010,Trempealeau,Isolate,15,605333,4878029,Terrace,Creek,Valley
Five Mile Creek,Wood,WO-0007,Central Wisc,Site Pair,16,273265,4913202,Terrace,River,Confluence
Nekoosa,Wood,WO-0014,Central Wisc,Site Pair,16,268938,4907513,Terrace,River,Floodplain
NEPCO I,Wood,WO-0055,Central Wisc,Site Pair,16,272492,4914944,Terrace,River,Floodplain
Ross,Wood,WO-0016,Central Wisc,Site Pair,16,270388,4805822,Terrace,River,Confluence